category_id;id;question;trending_score;updatedDate
1;1445;Are memes the best in existence;2.6;2016-12-26 14:28:55
1;1444;RIP George Michael;5.4;2016-12-26 08:13:45
1;1436;a kiss marry or kill..... (Guy in photo);6.9;2016-12-26 14:12:21
1;1417;What is the best Tim Burton movie?;13.5;2016-12-26 04:13:27
1;1423;Which tv show is the best?;13.9;2016-12-26 00:01:59
1;1418;whats your favorite movie;15.2;2016-12-25 22:29:28
1;1421;Whom do you save if one of them is going to die?;16.2;2016-12-26 15:03:26
1;1407;Is Starboy the album of the year?;16.3;2016-12-26 04:28:11
1;1370;Which is the best nu metal band?!;16.5;2016-12-25 16:22:54
1;1406;Which is your favourite singer/rapper among these?;17.8;2016-12-25 18:25:47
1;1387;What space movie are you most excited for?;18.5;2016-12-25 10:28:04
1;1390;Imo or skype??;18.7;2016-12-25 18:23:13
1;1381;Who is the best side kick of Batman?;19.8;2016-12-26 11:40:23
1;1413;Will you see Rogue One opening weekend?;19.9;2016-12-26 10:12:44
1;1229;do you think that they are gonna make another This is england sequel?;21.9;2016-12-26 11:36:54
1;1347;Best Dragonball Villan;22.8;2016-12-25 13:47:11
1;1379;best movie in marvel cinematic universe;23;2016-12-25 10:29:38
1;1389;Best anime show from these 4?;23;2016-12-26 00:37:46
1;1339;Which is a better catchphrase?;23.2;2016-12-26 14:53:12
1;1340;Megadeth or Metallica?;23.3;2016-12-25 21:24:54
1;1371;who is best characters in mcu;23.3;2016-12-26 04:13:56
1;968;The Perks or Brumby?;23.4;2016-12-25 09:50:14
1;1175;Facebook;24.2;2016-12-22 17:55:05
1;1090;What is John Wayne's best Movie?;24.4;2016-12-23 01:16:18
1;1095;After seeing "Sully", I wonder if there has ever been a successful dead stick landing of a commercial flight on a runway?  Not a controlled crash, but a smooth damage free landing as depicted in the simulator sequence.;24.5;2016-12-22 17:33:35
1;1386;Who would win between Thanos,  Apocalypse and Darkseid? ;24.8;2016-12-25 10:28:25
1;1403;Best Spider-Man?;24.9;2016-12-26 03:51:38
1;1107;Do you want to see the winter soldier again with both of his arms;26.2;2016-12-21 18:26:24
1;1130;Which has better movies bollywood vs hollywood;26.5;2016-12-25 20:18:18
1;1190;Filthy Frank or Pink Guy?;26.6;2016-12-25 06:03:01
1;1349;Best Marvel Guy;26.7;2016-12-25 21:34:38
1;1171;What is name?;27;2016-12-23 20:16:27
1;1003;How did you like HP and the Cursed Child?;27.2;2016-12-25 14:47:47
1;1328;Now that's gonna be tough! Chandler or Joey;27.7;2016-12-25 23:02:58
1;1154;How many licks does it take to get to the center of the tootsie pop????;28.8;2016-12-24 04:31:24
1;1166;Are you excited to see Alec Baldwin as Trump?;28.8;2016-12-22 11:41:47
1;1099;Is Sully a good movie;28.9;2016-12-22 02:04:29
1;1131;Who is best actor salman khan vs srk;28.9;2016-12-25 17:13:52
1;1234;Deepika Padukone or Priyanka Chopra;29.5;2016-12-24 13:10:50
1;1196;Which is the best boyband in whole world you think?;30.2;2016-12-25 17:16:10
1;1216;Who Do you think is better;30.2;2016-12-23 22:07:23
1;789;Is it dumb to name my business BFX after my initials?;30.7;2016-12-22 11:59:36
1;1334;Can short hair be pretty if you have the right face for it?;30.8;2016-12-25 10:38:48
1;813;Taylor or kanye , who''ll win?????;31;2016-12-25 23:32:20
1;827;Bonnie or Maxine;31.1;2016-12-25 02:36:10
1;1243;For Entertainment, A Cable T.V Connection or Internet Connection?;31.2;2016-12-24 06:41:50
1;826;What is your favourite Dolly Parton movie;31.6;2016-12-23 13:29:08
1;1091;What special event is your favorite;31.7;2016-12-25 17:18:28
1;1167;What is better?;31.9;2016-12-26 01:07:34
1;1106;Zyan Malik Or Harry Styles;32.5;2016-12-23 22:36:15
1;1239;Who would win? Batman or Wolverine?;32.5;2016-12-25 02:36:01
1;1097;Who's your favorite?;32.7;2016-12-24 10:34:10
1;1326;What's better Play Station 4 or Xbox 360?;33.1;2016-12-25 17:07:00
1;982;Who is the best women's wrestler;33.2;2016-12-26 04:11:06
1;815;BOTDF??;33.3;2016-12-23 14:30:47
1;1291;Tintin or Asterix?;33.3;2016-12-26 10:57:20
1;1332;Android or ios ?;33.4;2016-12-26 14:29:17
1;1079;Banda favorita;33.5;2016-12-22 15:11:14
1;1117;Who is the hottest female Pornstar of 2016;33.5;2016-12-21 11:11:32
1;811;Filthyfrank or suicide?;33.6;2016-12-26 04:04:04
1;1126;Can I get a job in marvel studios ? And how ?;33.6;2016-12-25 20:05:34
1;1017;Which Color would you choose? pt.1;33.7;2016-12-25 21:42:43
1;1230;Does Bob Dylan deserve the Nobel Prize for literature?;33.8;2016-12-25 17:10:19
1;1033;Is Pearl Jam a better band than Nirvana?;33.9;2016-12-23 04:40:53
1;1331;What comes first a chicken or an egg ?;34.1;2016-12-25 23:16:34
1;1158;What is your favorite anime?;34.4;2016-12-25 06:04:47
1;1161;is mayonnaise an instrument?? ;34.5;2016-12-24 16:27:39
1;1265;Are self-help books a waste of time?;34.7;2016-12-26 04:39:35
1;1305;Whats better Sao or Aot;34.7;2016-12-23 09:46:55
1;1240;Which one ?batman dark knight or inception ?;35;2016-12-25 02:37:09
1;1128;who is richest and powerfull among bruce wayne and tony stark?;35.4;2016-12-25 19:31:01
1;823;Which American Horror Story do you like the most?;35.5;2016-12-24 23:58:47
1;1168;Wolverine has a blade coming out of all five of his fingers.?;35.9;2016-12-24 14:12:25
1;998;Should I stay or should I go;36;2016-12-26 02:18:51
1;967;Which Cw DC series is your favorite? ;36.6;2016-12-26 09:22:12
1;810;Filthyfrank or cancer?;36.8;2016-12-26 08:29:31
1;1288;Oprah or Ellen?;36.9;2016-12-24 10:20:30
1;1307;Which is the best gangster movie?;37.1;2016-12-26 04:12:10
1;924;Which anime is better?;37.3;2016-12-23 13:09:36
1;1073;Who is the best hip-hop artist of the current generation?;37.4;2016-12-26 03:41:42
1;1267;iPhone7: Awesome or Bust;37.4;2016-12-25 17:15:00
1;996;Marvel's Iron Man or DC's Batman?;37.8;2016-12-25 12:08:13
1;959;Is the Lumia Camera still the Best?;37.9;2016-12-23 17:28:29
1;1038;Who is the best Friends character?;37.9;2016-12-26 05:57:03
1;1176;WIll you watch Luke Cage?;38.3;2016-12-23 19:24:55
1;1302;Favorite F.R.I.E.N.D.S. male character?;38.8;2016-12-23 10:23:33
1;752;Favorite Walking Dead Character?;38.9;2016-12-25 17:05:30
1;792;which one is better ?;39.1;2016-12-25 02:38:36
1;1245;What's better, chicken or porn;39.3;2016-12-24 13:10:31
1;978;Who is better Flash or Shazam?;39.4;2016-12-26 00:44:49
1;1004;Who is faster ?;39.4;2016-12-25 02:38:38
1;1057;Are we human or dancer;39.4;2016-12-22 22:23:00
1;1075;Who is more sacred?;39.7;2016-12-24 16:40:58
1;1098;Which Band is better?;39.7;2016-12-24 01:11:16
1;770;which of these guys if your favorite?;39.8;2016-12-26 03:55:40
1;1083;Would you have given your life to save Harambe?;39.8;2016-12-25 18:35:21
1;963;Which Flash is the best?;39.9;2016-12-25 20:23:19
1;753;Favorite Hobbit?;40.3;2016-12-21 23:36:38
1;981;What should I do with old CDs that I burned to digital?;40.3;2016-12-25 17:18:46
1;1144;Who will win: Black widow or Harley Quinn?;40.4;2016-12-24 17:10:40
1;1162;Jolie vs Aniston;40.6;2016-12-24 21:37:59
1;782;Who is better Messi or CR7;41.1;2016-12-25 02:38:07
1;787;Do you enjoy puns?;41.3;2016-12-25 20:06:05
1;921;Kate McKinnon or Chris Hemsworth?;41.3;2016-12-26 04:11:46
1;1220;What movie do you like better?;41.4;2016-12-25 20:05:12
1;1018;Which Color would you choose? pt.2;42;2016-12-26 14:48:02
1;926;Who is more powerful;42.1;2016-12-25 23:54:45
1;1111;Is Beyoncé overrated?;42.1;2016-12-25 02:38:37
1;1104;Is Pokemon Cool??????????;42.2;2016-12-25 02:25:35
1;1008;is 3rd eye a real fact;42.4;2016-12-24 22:55:40
1;1077;MORTAL KOMBAT OR STREET FIGHTER;42.4;2016-12-25 17:14:43
1;1192;Let's do this.... Harry Potter or POTC;42.4;2016-12-24 20:31:52
1;1282;What is better Jurassic Park or Star Wars;42.4;2016-12-25 19:53:15
1;756;Favorite Gaming Company;42.5;2016-12-25 20:25:56
1;1109;Who's your favorite Harry Potter character?;42.6;2016-12-23 07:18:44
1;716;Newest super sayian or oldest super sayian?;42.9;2016-12-19 16:03:25
1;814;Rock music?;43;2016-12-22 01:30:13
1;1323;Ariana Grande or Selena Gomez?;43.1;2016-12-25 23:59:35
1;1055;Do you prefer books or movies?;43.2;2016-12-22 22:22:55
1;1252;If you could bring one of them back for one more song who would it be??;43.7;2016-12-23 22:33:59
1;1159;Who came first?;43.8;2016-12-26 04:04:30
1;714;Led Zeppelin or The Beatles?;44;2016-12-25 17:19:40
1;1306;Eminem vs. Sean Paul;44;2016-12-24 08:25:10
1;1264;Do you still watch The Walking Dead?;44.3;2016-12-26 09:46:54
1;720;Cual es la mejor serie?;44.4;2016-12-23 19:33:48
1;1028;Goku or superman;44.4;2016-12-26 05:44:14
1;824;Who did a better portrayal of Sherlock Holmes ?;44.6;2016-12-22 09:57:38
1;979;¿Emoji or :v?;44.6;2016-12-24 14:47:30
1;1145;Guy or girl?;44.7;2016-12-25 18:36:00
1;731;The Best Lord of the Rings Character?;44.9;2016-12-26 12:21:07
1;973;Choose one film you would watch without reading reviews;44.9;2016-12-26 10:51:06
1;139;Is this the year Jon Hamm finally wins an Emmy?;45;2016-12-24 13:51:43
1;726;Which Pevensie is the best?;45.2;2016-12-24 03:45:10
1;980;Straight, Yaoi, Yuri or All?;45.3;2016-12-26 14:07:12
1;1024;Is the conspiracy dude theory on eminem real?;45.8;2016-12-26 12:36:13
1;1246;Netflix, Hulu or Amazon Prime?;45.8;2016-12-26 03:53:57
1;231;Is Charlie Sheen a victim of blackmail?;46.5;2016-12-24 13:51:26
1;948;black vs white;46.5;2016-12-25 00:49:14
1;1039;Are artists who die young overrated?;46.5;2016-12-25 17:13:11
1;1032;R.I.P.;47;2016-12-24 11:30:10
1;1300;Girls like to date short guys or tall? ;47.6;2016-12-25 17:06:08
1;141;Who's the greatest guitarist of all time?;47.7;2016-12-23 01:07:51
1;1173;what superpower would you like to have?;47.8;2016-12-26 11:23:02
1;1227;Deadpool or Wolverine?;47.8;2016-12-24 18:25:31
1;1058;F.R.I.E.N.D.S. OR SEINFELD?;48.1;2016-12-25 22:26:58
1;140;Should the Sneaky Pete pilot on Amazon get picked up?;48.2;2016-12-20 02:58:45
1;993;who is better, marvel or dc?;48.3;2016-12-22 22:23:22
1;730;Which Game of Thrones Character is the Best?;48.5;2016-12-25 02:37:36
1;788;Which ones the best: Interstellar or Inception?;49.1;2016-12-22 06:19:06
1;1059;What is life?;49.3;2016-12-22 08:11:15
1;227;Who will be the next hot celebrity couple?;49.4;2016-12-24 18:18:11
1;1007;Captain America vs Batman;49.4;2016-12-24 21:22:42
1;717;Which is the best sport (that's doesn't contain balls in them);50;2016-12-25 02:34:56
1;794;Which is the best superhero without superpowers;50.1;2016-12-25 20:23:07
1;935;What should I write a book about;50.3;2016-12-26 07:16:00
1;259;Iron bowl winner?;50.5;2016-12-24 09:31:34
1;808;If poison reaches it's expiry date will it become more poisonous or less poisonous...?????????;50.5;2016-12-25 17:14:31
1;268;Wahoos or Hokies today?;51;2016-12-24 09:40:23
1;855;Whos better sam or dean;51.5;2016-12-26 06:11:24
1;1113;What decade had the best MUSIC?;51.7;2016-12-26 12:01:48
1;261;TCU or Baylor tonight?;51.9;2016-12-26 12:56:04
1;192;Who is your favorite Star Wars character?;52.3;2016-12-26 12:05:55
1;1086;Dragon ball z or Pokemon;52.3;2016-12-26 08:33:35
1;27;May the force be with who?;53.2;2016-12-26 11:39:59
1;204;Halle Berry's getting divorced, what's next?;53.2;2016-12-21 09:30:53
1;32;Who is your favorite Game of Thrones character?;53.4;2016-12-24 18:14:57
1;768;Scarlett Johansson Or Megan Fox?;53.4;2016-12-25 19:03:57
1;185;Is John Green pretty much John Boy Walton?;53.5;2016-12-25 02:38:35
1;246;who will die next in The Walking Dead;54.1;2016-12-24 18:18:24
1;1064;Do you prefer to sing or dance;54.5;2016-12-23 08:11:57
1;1060;which one is better?;54.6;2016-12-24 10:21:10
1;167;What's your favorite plot in novels?;54.7;2016-12-26 12:04:36
1;1136;Brad or Angelina, whose side are you on?;55;2016-12-24 14:02:10
1;152;Who's better: Nirvana or Pearl Jam?;55.2;2016-12-25 15:16:19
1;1272;Taylor Swift or Beyoncé?;55.5;2016-12-26 11:40:23
1;253;Do the Golden State Warriors have a chance to go 82-0?;55.6;2016-12-24 12:31:27
1;165;Is Taylor Swift a true feminist?;55.8;2016-12-25 01:26:35
1;193;Which Back to the Future invention are you most excited for?;55.8;2016-12-22 01:11:49
1;46;Who is your favorite leading lady?;56.3;2016-12-25 17:20:26
1;200;What's your favorite shark movie?;56.8;2016-12-26 04:04:22
1;190;Who's the fairest of them all?;57;2016-12-24 08:39:04
1;733;Which Harry Potter Character is best?;57.5;2016-12-24 18:31:32
1;831;How many black friends do you have?;57.5;2016-12-24 22:54:36
1;1065;DC or MARVEL?;57.8;2016-12-26 03:40:51
1;269;Rather no beat drop in dubstep songs or the same beat drop over and over again;58.1;2016-12-26 12:54:50
1;722;Which is the best TV show of all time? ;58.1;2016-12-20 20:12:09
1;914;WHICH IS BETTER EARPHONE OR HEADPHONE;58.6;2016-12-23 20:22:17
1;159;Which was Jeff Bridges' best film?;58.7;2016-12-23 15:09:12
1;237;Who should be the sexiest man alive?;58.9;2016-12-24 18:16:34
1;238;Funniest Will Ferrell Movie;58.9;2016-12-26 11:17:42
1;189;Favorite Superhero?;59.7;2016-12-23 21:33:03
1;934;Is Suicide Squad a good movie?;59.7;2016-12-23 22:35:34
1;76;What is your favorite streaming service?;60.3;2016-12-25 17:18:58
1;835;How would you like to die?;60.3;2016-12-25 20:26:18
1;837;What does Marcellus Wallace look like?;60.4;2016-12-25 07:43:06
1;148;What's the best TV show of all time?;60.7;2016-12-25 20:03:55
1;145;Who's the real James Bond?;60.8;2016-12-25 20:20:22
1;254;Best of all time?;60.8;2016-12-26 10:28:28
1;147;What "classic" movie that everyone loves do you refuse to see?;61;2016-12-26 01:35:07
1;88;Dave, Jay, Conan or Fallon?;61.2;2016-12-24 23:27:56
1;266;Better rapper;62;2016-12-25 02:39:47
1;120;What's next for Caitlyn?;62.6;2016-12-24 18:09:10
1;115;miley or nicki, who ya got?;62.7;2016-12-24 23:42:24
1;22;Who was dressed best?;62.9;2016-12-24 18:16:55
1;1218;Does Gideon Grey from Zootopia deserves his own franchise? ;63.6;2016-12-23 03:14:01
1;18;All about the ?;65.2;2016-12-25 17:15:22
1;263;Best Rapper Alive?;66.2;2016-12-25 02:39:07
1;856;Most underrated character in Harry Potter?;66.2;2016-12-26 00:14:06
1;942;What do you think about Instagram Stories? ;66.3;2016-12-25 19:33:33
1;81;Do you like folk music?;66.5;2016-12-24 12:33:42
1;131;Star Trek or Star Wars?;66.8;2016-12-25 02:39:50
1;285;What is Mark Wahlberg's best movie role;67.4;2016-12-24 13:52:40
1;218;Does anyone know how I can get in touch with Beyoncé Knowles Carter? It's pretty important.;67.8;2016-12-25 02:38:05
1;702;Who is your favorite Kardashian sister?;68.4;2016-12-25 21:43:02
1;838;Will Jared be able to match the diabolical content set by Heath Ledger?;69.4;2016-12-25 14:05:02
1;858;Is it good to smoke weed 24 hours a day ??;70.4;2016-12-26 03:58:22
1;760;Star Wars or Game of Thrones? (Hard question, i know);71.1;2016-12-25 17:20:40
1;97;Best Al Pacino's movie;73.6;2016-12-26 05:44:15
1;984;Who wore it better?;73.6;2016-12-25 20:24:18
1;633;who would you rather be in the originals?;74;2016-12-26 00:02:33
1;13;Beatles or Rolling Stones?;75.9;2016-12-19 23:33:06
1;329;Do you want a second season of Making a Murderer?;76.2;2016-12-24 23:41:36
1;290;Favorite female artist of 2015?;76.3;2016-12-24 09:29:18
1;323;Greatest David Bowie Song?;76.8;2016-12-23 20:58:32
1;634;who has the best sense of fashion/style in the originals?;78.9;2016-12-26 12:48:19
1;283;Are you sick and tired of not being Justin Timberlake?;79;2016-12-25 07:43:14
1;842;How long until Ask The Internet goes out of business?;79;2016-12-25 20:22:17
1;272;Favorite Pixar movie?;79.1;2016-12-24 05:46:18
1;339;Are you excited the X-Files is back?;79.2;2016-12-25 07:42:47
1;291;Are you embarrassed that you really like Justin Bieber's music?;80.4;2016-12-25 22:15:14
1;93;Best cartoon ever?;80.7;2016-12-25 07:44:11
1;186;Your dream BFF: Tina Fey or Amy Poehler?;80.8;2016-12-26 13:37:12
1;310;What is Val Kilmer's best movie role?;80.9;2016-12-25 17:20:57
1;315;What is Matt Damon's best movie role?;81.2;2016-12-26 13:59:05
1;281;Will you see the new Star Wars movie?;81.6;2016-12-25 20:06:10
1;304;What's the greatest Christmas movie?;81.8;2016-12-25 15:08:27
1;865;Who would win a battle between Goku & Superman ?;83.3;2016-12-24 21:59:22
1;196;What's next for Khloe and Lamar?;85.3;2016-12-25 18:49:42
1;319;Are you watching Making a Murderer?;86;2016-12-25 07:43:29
1;294;Who is the greatest movie villain of all time?;89.2;2016-12-24 18:13:43
1;334;How do feel about Grumpy cat?;90.5;2016-12-22 10:50:59
1;638;Which is your favourite duo in Friends?;95.6;2016-12-25 17:05:52
1;846;Porn sites should be banned?;101.7;2016-12-26 03:55:03
1;301;Never gonna... ?;103;2016-12-26 06:57:50
1;1;What's the best sitcom of all time;104.1;2016-12-26 10:44:16
1;615;What is your favourite [canon] Star Wars production or series?;105.3;2016-12-25 07:17:06
1;651;Drake or Chance, who ya got?;108.3;2016-12-24 12:55:51
1;361;Spotify or Pandora?;109;2016-12-26 11:58:47
1;622;Who is your favourite supporting character from Friends?;109.1;2016-12-25 02:38:38
1;336;What is your opinion of Miley Cyrus?;109.4;2016-12-25 02:36:18
1;267;DC or Marvel;109.8;2016-12-26 03:09:41
1;292;Is Die Hard a Christmas movie?;111.4;2016-12-24 09:31:44
1;325;I'll always remember Alan Rickman for... ?;111.4;2016-12-24 23:22:28
1;647;Which is more annoying ?;111.6;2016-12-25 12:22:13
1;379;What is John Cusack's best movie role?;111.9;2016-12-25 23:23:11
1;602;What's your favorite gameshow?;113.9;2016-12-22 03:50:56
1;1228;Will Rogue One be better than The Force Awakens?;117.5;2016-12-26 08:58:12
1;367;Who will be the big winner at the Grammys?;120.1;2016-12-26 04:40:37
1;655;Joey or Chandler;122.8;2016-12-26 14:00:00
1;617;Black Widow or Supergirl?;122.9;2016-12-24 20:20:39
1;639;Bigger badass: The Rock or Vin Diesel?;123.7;2016-12-25 19:54:25
1;626;Which is a better movie franchise?;124.9;2016-12-25 19:54:31
1;208;My girlfriend doesn't watch horror movies. Which one should I terrorize her with this weekend?;126.5;2016-12-26 10:49:15
1;894;Who's the best? ;128.2;2016-12-25 20:22:35
1;609;Fast And Furious or Mission Impossible- Which Hollywood action film series is the best?;131.1;2016-12-24 03:55:55
1;331;What movie is better than the book it was based on?;132.3;2016-12-26 10:49:55
1;348;Which book is the most overrated?;132.6;2016-12-26 11:26:40
1;650;Which one do you think is a better love story, Twilight or Fifty Shades?;134.4;2016-12-25 16:58:36
1;354;What was the best Super Bowl commercial ?;136.5;2016-12-21 02:42:41
1;652;Best Netflix Original Series?;137.7;2016-12-25 17:14:14
1;612;Fifth Harmony, or Little Mix? ;139.5;2016-12-26 03:47:47
1;380;What's Leo's best role?;140.6;2016-12-25 23:23:05
1;399;I'll remember Garry Shandling for... ?;141.4;2016-12-26 11:38:59
1;656;Who's your favorite: Dory or Nemo?;148.8;2016-12-25 01:28:19
1;373;Was Harper Lee a great novelist?;149.6;2016-12-26 12:53:28
1;910;Never be able to listen to music again, or never be able to watch another movie?;151.6;2016-12-23 02:37:00
1;877;What gets you more high?;156;2016-12-23 06:08:53
1;387;Is Kim Kardashian's naked selfie empowering?;160.3;2016-12-26 11:34:21
1;417;I'll always remember Merle Haggard for... ?;164.8;2016-12-25 02:40:09
1;363;Mulder & Scully - now or then?;170.6;2016-12-26 11:29:57
1;194;Who would you want to have in your corner?;173.3;2016-12-26 14:07:15
1;396;Who's your favorite Disney Princess;174.3;2016-12-26 11:37:22
1;404;Will you watch The Walking Dead season finale?;182.7;2016-12-26 11:43:05
1;359;Is Jon Snow really dead?;192.6;2016-12-26 11:29:16
1;610;Bourne or Bond?;192.9;2016-12-25 16:57:22
1;376;What the greatest movie parody of all time?;200.2;2016-12-25 23:23:34
1;502;Superman & Hyperion. Who will survive the fight?;202.2;2016-12-26 14:13:59
1;503;What's the best movie remake of all time?;204.6;2016-12-25 15:37:48
1;501;Thanos Vs Darkseid. Who will win?;212.6;2016-12-26 14:14:01
1;554;why is dc turning everyone into superheroes?  ;213;2016-12-26 01:47:54
1;549;Which one is your favorite Muppet?;213.3;2016-12-26 01:48:42
1;551;Were you offended by Blake Lively's "LA face with an Oakland booty" post?;214.8;2016-12-26 12:01:28
1;677;Are you a Spock or a Kirk?;218.5;2016-12-25 12:28:03
1;543;Who won in batman vs superman movie?;220.2;2016-12-25 22:48:39
1;553;thor vs superman who would win;226.5;2016-12-26 01:47:59
1;349;Is this the year Leo finally wins an Oscar?;234.3;2016-12-26 11:27:09
1;552;Simpsons or Family Guy?;237.6;2016-12-26 07:53:56
1;560;What is the greatest John Hughes movie of all time?;246;2016-12-26 01:47:09
1;563;Would you sacrifice yourself if it meant that everyone could live?;251.5;2016-12-26 04:27:09
1;428;which singer can sing the best;258.7;2016-12-26 12:59:06
1;568;Would rather have your earphones get hooked on to every door handle or have one hear play slightly louder than the other?;259.5;2016-12-26 01:45:54
1;345;Should Ariel Winter have hidden her breast reduction scars?;271.8;2016-12-26 10:51:32
1;437;Which modern Doctor is the best?;283.6;2016-12-24 14:51:01
1;438;Which of these American Idols is the best?;288.4;2016-12-25 00:42:33
1;515;Best rapper right now ?;289;2016-12-25 11:29:14
1;433;Why in the world does Michael Buble eat corn like this?;291.2;2016-12-25 02:41:17
1;511;Which is the better movie;293.5;2016-12-25 05:53:19
1;564;Would you rather be a famous actor or musician?;300.6;2016-12-26 01:46:31
1;514;Which of these you think is a better series?;303;2016-12-26 03:57:05
1;499;Would you rather give up the Internet for a year, or only be able to use the Internet for three hours each week forever?;303.7;2016-12-26 03:33:22
1;432;Which One Of These Things Does Donald Trump Look The Most Like;340.1;2016-12-26 05:21:10
1;473;What's the best lunch spot in Mendocino, California?;356.4;2016-12-26 05:27:34
1;519;DO YOU THINK  SUICIDE SQUAD IS GONNA BE THE BEST MOVIE OF DC OF ALL TIME? ;364.4;2016-12-26 04:05:36
1;439;To me, Prince will always be?;367.8;2016-12-26 04:33:25
1;521;Ferddy Krueger vs Michael Myers vs Jason Voorhees, who'd survive?;368.1;2016-12-26 14:58:23
1;517;WHAT KIND OF BOOBS DO YOU LIKE ?;368.6;2016-12-26 14:14:10
1;584;Manga or Comics(DC/Marvel);398.8;2016-12-26 14:56:01
1;683;See a great concert, or a great sports event?;418.9;2016-12-26 14:56:34
1;474;What is your favorite street in San Francisco?;425;2016-12-26 05:27:26
1;445;Who's your favorite Game of Thrones character?;430.4;2016-12-26 04:32:15
1;522;WHICH OF THESE DO YOU THINK IS THE BEST TV SERIES? ;431;2016-12-26 14:21:18
1;442;Would you rather have noodles or bacon for hair?;440.7;2016-12-26 13:16:52
1;443;Strip clubs are?;440.9;2016-12-26 12:46:17
1;585;Who will win in a battle- Superman or Spider-Man;451.2;2016-12-26 01:58:34
1;469;If you had one shot, one opportunity, to seize everything you ever wanted, one moment, would you capture it, or just let it slip?;471.5;2016-12-25 20:04:34
1;687;Who is the best super sayian?;473.2;2016-12-26 14:36:32
1;587;Quicksilver or Flash;482.3;2016-12-26 01:58:12
1;447;Which would you ride into battle?;482.8;2016-12-26 04:31:53
1;446;Would you rather be forever 12 or forever 35?;487.5;2016-12-26 04:32:05
1;523;Would you rather have no internet or have the world be in darkness with internet?;508.7;2016-12-26 14:21:15
1;449;If one synchronized swimmer drowns, do the rest have to drown, too?;516.3;2016-12-26 12:53:42
1;688;What is the best Pixar movie?;557.3;2016-12-26 14:36:27
1;772;Taylor or Kanye, who's side are you on?;579;2016-12-24 06:47:27
1;588;Would you rather be a (Super) Hero or Villain? (You do not have to kill anyone to be a Villain);588.2;2016-12-26 01:57:59
1;453;What's the best Star Wars movie?;600.1;2016-12-26 12:56:40
1;528;Are you excited for the new (all female) Ghostbusters?;755.8;2016-12-26 14:20:07
1;480;Sherlock or Doctor Who?;768.7;2016-12-26 12:55:14
1;535;Where do you like share your photos?;812.4;2016-12-26 14:18:51
1;692;Which is Green Day's best song?;916.8;2016-12-26 14:59:58
1;695;Who wins Game of Thrones?;937;2016-12-26 14:59:36
1;912;Drake or Eminem?;947.3;2016-12-26 04:04:14
1;457;Which would you rather be?;1001.4;2016-12-26 04:28:00
1;611;If you could, would you bring Tupac or Michael Jackson back from the dead?;1008.8;2016-12-25 02:34:57
1;487;Is JT's 'Can't Stop the Feeling' already the song of the summer?;1070.5;2016-12-26 12:48:10
1;486;Who is richer Tony Stark (Ironman) or Bruce Wayne (Batman);1135.7;2016-12-26 05:25:01
1;485;Should Caitlyn Jenner appear nude on the cover of SI?;1143.9;2016-12-26 13:28:38
1;462;Did you text your ex after listening to Drake's new album?;1309.8;2016-12-26 15:31:26
1;489;What type of Apocalypse do you think will happen?;1387.1;2016-12-26 11:40:30
1;493;Whose side are you on?;1586.5;2016-12-26 15:30:37
1;906;Which Is The Best Meme of 2016?;1586.8;2016-12-21 11:26:08
1;495;Do you like Justin Bieber's new face tattoo?;1700.7;2016-12-26 15:30:21
1;459;Marvel or DC?;5583.8;2016-12-26 15:24:36
1;540;Which is better ;11569.9;2016-12-26 15:33:31
1;498;Which Pokemon is the best?;25152.1;2016-12-26 15:29:57
2;1433;Do you prefer train, plane, bus or boat?;12.2;2016-12-26 12:23:50
2;994;Should I customise my light scooter;27.9;2016-12-22 23:27:13
2;1051;Which South American city would you like to visit first?;36.9;2016-12-25 17:18:23
2;1096;Which country would you visit?;43.4;2016-12-26 00:05:21
2;1049;What's more important the journey or the destination?;43.7;2016-12-25 17:18:21
2;36;Should we build maglev trains?;47.8;2016-12-24 09:39:25
2;49;New York, San Francisco, or LA?;53.4;2016-12-24 23:42:28
2;983;The best people in the US are from the... ?;53.4;2016-12-26 15:26:14
2;75;What city has the most beautiful skyline?;53.8;2016-12-24 09:41:03
2;92;What is the most haunted house on earth?;56.1;2016-12-20 09:59:13
2;12;Cape Cod or Narragansett?;57.2;2016-12-25 02:38:09
2;242;Best skiing this winter?;57.2;2016-12-23 00:56:48
2;225;Which Hawaiian island is your favorite?;57.5;2016-12-25 20:06:16
2;118;East coast or West Coast?;58;2016-12-26 05:42:15
2;818;Have you ever seen a ghost;59.6;2016-12-23 22:37:14
2;169;Who is the worst person to sit next to on a plane?;60.7;2016-12-25 23:57:18
2;187;Window or aisle?;62.9;2016-12-24 18:22:30
2;209;What annoys you most while driving?;66;2016-12-24 13:12:20
2;90;Best vacation destination?;66.2;2016-12-26 04:05:55
2;836;Who is the president of Canada?;66.3;2016-12-26 15:09:55
2;122;Where should I go on vacation?;66.6;2016-12-26 12:58:02
2;703;What city has the best restaurants?;74.7;2016-12-26 14:14:03
2;314;Where was the best New Years Eve party?;77.8;2016-12-24 18:11:08
2;288;Will you travel for the Holidays?;84.3;2016-12-24 08:30:51
2;318;Where will you go on vacation in 2016?;91.4;2016-12-24 18:11:23
2;213;Are you excited for the Hunger Games theme park?;96.6;2016-12-25 01:28:44
2;3;Is it fair to recline your airline seat?;96.9;2016-12-26 15:19:57
2;635;Would you rather take a cruise or stay at an all-inclusive resort?;109.4;2016-12-22 16:07:20
2;642;Aquarium or Zoo?;117.3;2016-12-25 02:37:36
2;663;Which is the best continent?;155.3;2016-12-25 17:05:41
2;372;Chicken or Pasta?;164.3;2016-12-26 11:32:05
2;403;When given the choice, how do you prefer to travel?;192.6;2016-12-26 12:57:21
2;420;Are red light traffic cameras fair?;251.3;2016-12-24 04:56:00
2;426;Where Is Your Dream Place To Live?;270.9;2016-12-26 14:32:52
2;680;Are you excited for self-driving cars?;342.9;2016-12-26 03:50:55
2;454;What's the correct amount of time to spend in Vegas?;658.3;2016-12-26 12:46:37
2;455;What do you think of Disneyland?;710;2016-12-26 12:56:18
3;1443;Subway or McDonald's?;2;2016-12-26 10:25:33
3;1384;Do you fold your pizza?;24.8;2016-12-26 03:52:13
3;1188;Which one is best breakfast?;28.4;2016-12-25 17:15:14
3;1361;How much do you tip in a restaurant?;28.7;2016-12-26 08:39:50
3;1357;Best cookie?;29.3;2016-12-25 22:31:29
3;1274;Which edible oil is more nutritious?;32.9;2016-12-24 23:30:41
3;1292;How many cups of coffee do you drink a day?;35.6;2016-12-24 15:11:24
3;1244;French fries or Popcorn?;37.5;2016-12-24 15:11:18
3;1266;Kettle corn, Caramel corn or regular Popcorn?;37.8;2016-12-25 00:33:53
3;1281;Chocolate or Caramel?;40.7;2016-12-26 00:59:06
3;1000;Skittles, M&M's or Reese's Pieces;41;2016-12-25 17:09:10
3;1170;Pizza or Burger?;41;2016-12-26 04:15:26
3;1258;Onions, garlic or neither?;41.7;2016-12-26 04:28:25
3;1308;If peanut butter was a plant would it be a fruit or a vegetable;41.8;2016-12-24 20:47:02
3;1207;Pepsi or Coca-Cola;42;2016-12-25 20:47:27
3;739;Caribou Coffee or Starbucks?;42.3;2016-12-24 10:39:34
3;1278;Would you eat a venison burger from Arby's?;42.3;2016-12-25 17:04:46
3;228;What's your favorite wine tasting destination in California?;44.2;2016-12-26 08:48:45
3;1002;which one is more delicious? ;45.3;2016-12-22 11:55:09
3;44;What is your favorite sushi to eat?;46.1;2016-12-26 12:03:46
3;780;What's the correct pronunciation of Tomato? Is it pronounced as Tomato or Tomato?;47.1;2016-12-24 00:54:31
3;791;Guacamole or Salsa?;48.1;2016-12-26 06:16:05
3;1146;What's better grapes or strawberries;48.2;2016-12-25 17:18:35
3;158;Which is the best pizza in San Francisco?;48.4;2016-12-23 09:30:06
3;16;What's your favorite beer style?;48.9;2016-12-26 12:04:29
3;41;What is your favorite pie?;49.4;2016-12-26 12:03:41
3;786;Can you truly love animals if you're not a vegetarian?;49.7;2016-12-24 22:51:30
3;1141;Are brownies a breakfast food? ;49.9;2016-12-26 03:53:40
3;38;What's best on the grill for July 4?;51.1;2016-12-26 12:04:04
3;947;Coffee or energy drink?;53.5;2016-12-24 04:29:32
3;220;Best holiday treat;54.5;2016-12-26 12:48:46
3;191;What is a breakfast of champions?;55.9;2016-12-26 12:02:01
3;25;Warriors or Cavs?;57.1;2016-12-26 12:00:29
3;15;Red or White?;59.8;2016-12-26 11:56:07
3;14;Mussels or Clams?;60.3;2016-12-24 13:51:57
3;1027;What's better pizza or hamburger;61.2;2016-12-25 17:19:41
3;166;Why do we like pizza so much?;61.7;2016-12-26 04:03:33
3;106;Bordeaux or Burgundy?;61.8;2016-12-25 07:45:40
3;130;Best BBQ?;62.8;2016-12-26 01:58:04
3;95;Best Pizza in San Francisco?;63.2;2016-12-22 04:18:50
3;96;What is the best ethnic food?;63.3;2016-12-26 12:02:54
3;708;Best Burger?;64.1;2016-12-26 13:23:33
3;174;What's the best fast food?;65;2016-12-26 05:47:21
3;1160;Is a hot dog a sandwich?;65.2;2016-12-23 07:36:54
3;862;Would you rather have a raw egg or an egg fried till it's absolutely burnt to a crisp?;66.1;2016-12-25 20:03:44
3;94;What is the best cereal?;67.9;2016-12-26 14:14:07
3;247;What delicious food would be most disgusting over rice?;70.1;2016-12-24 09:41:08
3;260;Thanksgiving dinner or Friday leftovers?;70.1;2016-12-26 12:56:13
3;958;does pineapple belong on pizza?;71.2;2016-12-23 15:15:54
3;212;What do you think about Starbucks red cups?;73.3;2016-12-24 09:41:20
3;86;What's the best flavor of pie?;73.4;2016-12-24 18:09:53
3;262;Favorite Soda?;77;2016-12-25 01:16:31
3;326;Of these IPAs, which do you prefer?;77;2016-12-24 09:37:33
3;706;Live without chocolate or live without coffee?;77;2016-12-25 00:20:25
3;11;What's the best meat?;77.4;2016-12-25 01:57:10
3;707;Coke or Pepsi?;77.8;2016-12-26 04:58:42
3;205;Will you stop eating bacon?;78.5;2016-12-26 04:41:52
3;864;What's better chocolate or vanilla;80.3;2016-12-25 20:23:36
3;860;Deep dish or thin crust?;83.9;2016-12-24 03:29:05
3;306;Sugar or Spice?;86.4;2016-12-26 12:55:57
3;249;Favorite Thanksgiving food?;87.5;2016-12-26 06:18:46
3;847;What is the worst crime you've ever committed?;92.8;2016-12-26 04:13:42
3;320;Do you like sushi?;104.4;2016-12-25 22:06:48
3;885;Who is God?;108.9;2016-12-24 02:25:42
3;641;Cupcakes or Birthday Cake?;109.6;2016-12-25 23:06:42
3;643;Would you rather be shot in the foot or eat a cockroach;115.6;2016-12-26 04:32:12
3;178;What's your favorite beer at Monktoberfest (dinner)?;120.8;2016-12-24 18:26:21
3;892;Chocolate or not chocolate?;132.8;2016-12-22 16:58:38
3;893;Tacos or not tacos?;136;2016-12-23 08:07:34
3;175;What's your favorite beer at Monktoberfest (day 1 lunch)?;138.3;2016-12-25 03:27:03
3;636;Do you eat your pizza crust?;144.8;2016-12-26 15:06:14
3;389;Favorite ice cream dessert?;145.9;2016-12-26 09:38:32
3;619;Brownie Mix or Cookie Dough?;169.4;2016-12-24 04:55:33
3;911;Have you ever eaten an insect? ;206.8;2016-12-25 17:07:25
3;411;What is the best pizza chain?;214.4;2016-12-26 11:45:23
3;412;What is zero divided by zero;215.2;2016-12-26 11:46:22
3;544;Donuts or Ice Cream?;232.4;2016-12-25 20:01:41
3;559;Who should make more: waiters or cooks?;240.4;2016-12-26 01:47:28
3;546;Tacos, bacon, or pizza? Which one reigns supreme? ;240.5;2016-12-26 11:59:48
3;561;Worst Jolly Rancher flavor?;255.6;2016-12-26 03:48:17
3;384;If you could only eat one meat for the rest of your life?;262.3;2016-12-26 11:33:44
3;500;What do you think about Budweiser changing their name to "America";278.2;2016-12-26 14:14:05
3;427;which fast food restaurant has the best fries?;278.3;2016-12-26 12:58:45
3;576;Would you rather only eat ketchup for the rest of your life, or be married to an elephant?;306;2016-12-26 14:06:19
3;681;Which way should utensils go in the dishwasher?;314.7;2016-12-25 20:24:30
3;574;At what age is it unacceptable to eat cold pizza for breakfast? ;426.2;2016-12-26 02:02:43
3;583;What's your favorite breakfast food?;435.4;2016-12-26 01:58:59
3;689;Best Girl Scout Cookie?;475.7;2016-12-26 14:36:19
3;467;Do you eat the end pieces on a loaf of bread?;486.2;2016-12-25 07:38:01
3;526;Soda tastes best in....;502.9;2016-12-26 14:20:33
3;470;Do you like ranch or ketchup better on fries?;503.1;2016-12-26 12:50:48
3;463;How many olive garden breadsticks could you eat in one sitting?;535.5;2016-12-26 12:52:38
3;477;How much will you pay for farm fresh eggs?;576.9;2016-12-26 05:27:00
3;534;Pizza or burger?;935;2016-12-26 14:27:54
3;464;Planet, rare skin disease, or hamburger patty from a local high school?;1636.4;2016-12-26 12:54:33
4;1431;Is "Star Wars Battlefront: X-Wing VR Mission" a timed exclusive to PS4 or will it not see the light of day on other platforms?;8.3;2016-12-25 22:33:40
4;1425;Battlefield 1 vs Call of Duty;10;2016-12-26 06:17:20
4;1438;BEST SOCCER GAME:FIFA 17 OR Pro Evolution Soccer 17;13.2;2016-12-26 14:12:03
4;1391;Favorite main character in Pokémon Sun/Moon?;17.5;2016-12-25 16:08:41
4;1382;Gta 5 or watch dogs 2;18.8;2016-12-25 10:28:58
4;1364;Which Undertale boss fight is the worst?;18.9;2016-12-26 03:52:59
4;1392;Which gen7 Pokemon game did you buy?;19.7;2016-12-25 23:27:32
4;1405;What Is The Best Gaming Device ;20;2016-12-25 16:20:04
4;1401;Which is your favourite marvel character?;21.8;2016-12-26 04:13:10
4;1341;I like to use my phone for modding apps, should I get an Android or an iPhone? (Would either be S6/7 or 6s);22.7;2016-12-26 07:02:50
4;1395;Are you excited for Super Mario Run?;23;2016-12-25 18:28:00
4;1348;Most Rage inducing overwatch character;23.8;2016-12-25 22:59:06
4;1344;Overwatch or Team Fortress 2;24.6;2016-12-25 10:37:44
4;1204;Which track would you most like to see added to Real Racing 3?;24.8;2016-12-24 01:01:34
4;1087;Whose Arcana do you really want?;26.1;2016-12-26 11:35:27
4;1345;Best Legendary Pokémon Rayquaza, Mewtwo, Arceus.;27.4;2016-12-25 10:37:36
4;1263;Should skylander imaginators Be out in halloween?;28.6;2016-12-23 09:58:16
4;1295;Who is better;28.6;2016-12-25 22:15:36
4;1250;Who should be the new character for red dead redemption;29.1;2016-12-23 10:01:19
4;1242;Which game do you like most among supercell's games?;29.6;2016-12-23 13:38:12
4;1304;Do you like playing giant robot games?;31.1;2016-12-23 09:47:18
4;1191;What team are you in?;33.3;2016-12-24 08:55:09
4;1327;Now that it's back on sale, will you buy an NES Classic?;33.6;2016-12-25 10:40:39
4;1301;Battlefield 1 or COD: Infinite Warfare (+ COD 4 Remaster);34.1;2016-12-26 12:00:43
4;754;Favorite LOZ Majora's Mask Boss?;34.3;2016-12-25 23:09:16
4;961;Sans or Papyrus??;36.1;2016-12-22 21:14:54
4;1202;which is better fallout or skyrim;36.1;2016-12-26 03:54:58
4;1080;clash of clans or clash royale which is a time killer?;36.2;2016-12-21 21:45:42
4;1280;Will Titanfall 2 be the game of the year?;36.7;2016-12-25 23:34:05
4;1225;Which starter will you pick?;38;2016-12-23 22:07:39
4;1115;Do you have A Dragonite in Pokemon Go?;38.4;2016-12-24 04:43:49
4;1237;Which one is better?;38.6;2016-12-24 00:54:48
4;1029;Halo or Dead Space ;38.7;2016-12-24 08:25:50
4;1215;what game is better;38.7;2016-12-26 05:46:22
4;1287;Should I buy Battlefield 1 or GTA V  (PS4)?;39.9;2016-12-26 12:04:01
4;1319;Should Yoshi be classed as a Pokemon;40;2016-12-26 13:24:47
4;1187;Favorite Pokémon region?;42.4;2016-12-23 07:30:21
4;1193;Do you still play Pokémon Go?;42.5;2016-12-25 17:10:59
4;1194;Who is the best legendary bird Pokemon?;42.8;2016-12-26 04:09:54
4;820;Do you think the rat kids are cool?;43.2;2016-12-23 10:48:34
4;1177;Which is better ?;43.4;2016-12-26 03:57:05
4;1153;What is better;44.1;2016-12-23 13:52:38
4;1203;Which game will you get?;44.5;2016-12-26 08:04:41
4;1226;What team are you on?;45.9;2016-12-25 20:17:36
4;1140;who is the best;47.9;2016-12-25 17:18:34
4;732;Which is the Best 3D Zelda Game?;48.9;2016-12-18 17:46:54
4;1067;Which soccer game do you love? ;50.1;2016-12-21 23:18:15
4;718;What is the best Super Smash Bros version?;50.3;2016-12-21 06:50:03
4;235;Should 1 day fantasy gambling apps be banned?;51.8;2016-12-24 13:52:14
4;109;Will the new Fable be any good?;52.4;2016-12-17 06:30:39
4;957;Geodude or Zubat;53.9;2016-12-26 12:48:20
4;762;Which Fighting Games are the best?;54.3;2016-12-26 10:50:36
4;1066;Do you know my YouTube channel;55;2016-12-25 17:17:28
4;1061;Which type of game is better;55.1;2016-12-25 20:03:37
4;776;Is Pokemon Go Responsible For Girl Hit By Car While Playing? ;55.6;2016-12-25 02:38:34
4;110;Will there ever be a Half-Life 3;56.9;2016-12-22 18:46:50
4;828;Do you have lag on your computer?;57.7;2016-12-26 00:01:37
4;799;Is Pokemon Go All Hype?;58.5;2016-12-26 10:48:42
4;825;Videogames, just For young people?;58.6;2016-12-26 03:54:27
4;919;Poker or Blackjack?;58.6;2016-12-25 01:46:37
4;853;How often do you play the lottery?;59.2;2016-12-25 10:13:02
4;764;Which one of these 3 legendary Pokemons is your favorite?;60;2016-12-25 02:34:57
4;735;Should I buy The Witcher 3, Battlefield 4 or Metal Gear Solid V?;60.6;2016-12-25 17:20:17
4;854;is Ultimate Spider-Man:The Game the best Spider-Man Videogame so far?;60.6;2016-12-25 02:37:07
4;989;What's the best starter pokemon;60.9;2016-12-22 07:00:31
4;19;What is the best MMO ever;61.3;2016-12-24 20:22:42
4;20;What is the best RPG of all time?;61.4;2016-12-24 23:42:39
4;216;Which game are you most excited for?;68.2;2016-12-26 15:16:39
4;956;Charizard vs Arcanine;69.4;2016-12-26 12:48:17
4;801;Who will win ?;72.4;2016-12-25 20:05:38
4;108;Mario or Link;78.6;2016-12-26 13:19:57
4;240;Most addictive app?;78.7;2016-12-26 04:38:31
4;322;What would you do if you won Powerball?;85.9;2016-12-25 20:51:20
4;867;which pokemon go team is the best: MYSTIC valor or instinct;86.2;2016-12-25 10:40:57
4;605;Favorite Bioshock game?;105.4;2016-12-26 04:47:47
4;871;How often have you won the lottery?;108;2016-12-24 21:53:31
4;884;Which Pokemon Go Team is the Best?;111.9;2016-12-26 07:41:21
4;870;Which is best video game franchise?;115.6;2016-12-26 11:51:32
4;887;Is it fair for Pokemon to shut down the Pokemon Go tracking apps?;129.9;2016-12-25 02:38:35
4;510;Phoenix Wright Trilogy (3DS) or Fire Emblem Fates: revelations?;192.9;2016-12-25 22:41:04
4;545;PS4 or Xbox One;227.8;2016-12-26 04:27:59
4;900;Which game should I buy: Last Of Us or Watchdogs for PS4?;231.5;2016-12-23 05:06:52
4;751;Which Pokemon Go team did you join?;233.6;2016-12-26 13:15:53
4;736;Is Pokemon Go the greatest app ever?!?;242.3;2016-12-26 13:15:36
4;701;Who's the best Pokemon trainer?;291.5;2016-12-26 13:16:03
4;904;Which racing game should I buy for PS4: NFS Rivals or Driveclub?;355.2;2016-12-23 08:12:20
4;524;Which is best for Gaming?;477.8;2016-12-26 14:21:01
4;694;Which is the best Region of all time??;674.2;2016-12-26 14:59:40
4;594;Hay Day or FarmVille?;1415.9;2016-12-26 15:21:59
5;1442;Merry Christmas from all of us at Ask The Internet;6.2;2016-12-26 10:47:37
5;1398;What do you do when your buttocks hurts and your truck driver, you need to be fixed by surgery but bills have to be paid?;14.7;2016-12-25 16:21:01
5;1432;Is it ok to post revealing photos if your face can't be seen?;15.4;2016-12-26 06:17:00
5;1388;Better to be really tall or really short?;17.9;2016-12-26 00:29:54
5;1416;What messaging app do you use?;18.2;2016-12-26 06:17:23
5;1375;What animal do you follow the most of on Instagram?;18.9;2016-12-26 03:51:55
5;1393;What Holiday Is The Best;19.2;2016-12-26 03:51:27
5;1369;Who is cuter?;21.2;2016-12-25 16:23:04
5;1394;School;21.4;2016-12-26 05:56:33
5;1169;How does calcitriol when present in excess act as hypercalcemic hormone? Reactions or process?;21.6;2016-12-22 02:08:09
5;1419;Do you like Christmas music?;22.2;2016-12-26 06:48:06
5;1383;Windows vs Apple macbook for gaming;22.3;2016-12-25 20:03:34
5;1373;City or country?;23.3;2016-12-25 16:22:41
5;1036;What Size of Skateboard - for someone with size 10.5 feet;24.3;2016-12-25 17:19:19
5;1197;Is canada better than us for post graduate and mba programmes?;24.7;2016-12-26 04:08:38
5;1374;god is real?;25.4;2016-12-25 22:40:33
5;1365;will i finish my book?;25.5;2016-12-26 00:06:00
5;1378;Big dogs or little dogs?;25.5;2016-12-26 03:52:18
5;1335;Are tarantulas intelligent?;25.6;2016-12-26 10:54:35
5;1353;Should a teenager who is in college, has a minimum wage job, pays for his own car (insurance and gas), his own phone, and his own food, still have to contribute to a household such as pay to feed the whole family and his sisters phone bill?;25.7;2016-12-25 10:35:03
5;1208;What platform should Traffic and Copy expand to next?;26.4;2016-12-22 05:49:24
5;1290;Porsche 918, LaFerrari or McLaren P1 ?;26.7;2016-12-25 17:13:21
5;1180;How would you rank Fox News?;26.8;2016-12-22 11:53:40
5;1360;Truth or Dare?;27;2016-12-25 22:20:01
5;1362;what color is "earth"? (the element earth);27;2016-12-26 07:53:41
5;1198;Final Cut Pro or avid?best software?;27.1;2016-12-26 08:53:15
5;1163;Giant Douche or Turd Sandwich?;27.5;2016-12-25 20:28:29
5;1337;God or Lucifer?;27.9;2016-12-26 08:24:22
5;1195;I have an offer ipad mini 32gb rs15500 ,iphone 5s 16000..so help me which one??????????;29;2016-12-23 02:37:01
5;1350;Best Cat;29;2016-12-26 14:17:42
5;1343;Are you over the mannequin challenge?;30.1;2016-12-26 10:27:44
5;1322;You can't be serious?!?;30.2;2016-12-25 22:48:41
5;1129;Does humans are evolved from apes?;30.3;2016-12-25 20:04:24
5;1030;which field is best one for engineering career software or hardware;30.5;2016-12-24 01:38:53
5;1105;Did you have a period in your life where you were obsessed with the titanic?;30.5;2016-12-25 02:39:48
5;923;Will this hair work for box braids;30.7;2016-12-26 06:36:59
5;1189;What is the best profession?;31.4;2016-12-24 17:08:02
5;1352;Are homosexuals born or made?;32.1;2016-12-25 17:15:31
5;1285;Jammu & Kashmir belongs to?;32.5;2016-12-25 02:40:07
5;1089;Should feminine products be free or tax free?;33.1;2016-12-25 21:04:25
5;1182;Do you check out your work after you shit?;33.1;2016-12-25 02:22:15
5;1223;should  Zootopia 2 get made or should a zootopia tv series be made ?;33.1;2016-12-25 02:39:34
5;1183;Are you a Jehovah Witness?;33.5;2016-12-22 07:42:06
5;1056;Does your employer expect you to work after hours?;33.8;2016-12-22 06:47:38
5;1124;Which would you choose?;33.8;2016-12-26 04:43:49
5;1021;True of False: The only real privilege is economic privilege?;34.2;2016-12-22 08:48:28
5;974;Did you know the Lumia 950 included the retina scanner before Samsung?;34.4;2016-12-25 02:40:41
5;1149;If there are aliens, would they also worship the supreme being?;34.4;2016-12-26 01:01:29
5;1026;Java or JavaScript, which is better?;34.5;2016-12-23 08:15:47
5;1329;More afraid of aliens, zombies or clowns?;34.6;2016-12-26 08:15:38
5;1325;Is it bad to use ur  smart phone while charging it;34.7;2016-12-25 10:41:22
5;1293;New MacBook Pro or Surface Studio?;34.8;2016-12-26 00:43:36
5;1143;Do other people's feet freak you out?;34.9;2016-12-26 06:09:02
5;1118;Iphone 7 or Iphone 7+;35;2016-12-24 16:27:44
5;1296;What technique do you use at the urinal?;35.8;2016-12-25 20:03:08
5;779;¿muscle, sport or classic? (i prefer classic);36.5;2016-12-26 04:29:17
5;1125;Give up sugar or give up your phone?;36.5;2016-12-22 05:53:14
5;1271;Who's to blame for the heroine epidemic?;36.5;2016-12-25 17:12:57
5;1016;Is a college degree a waste of money?;36.6;2016-12-24 22:28:19
5;1249;Are you ok with Bob Dylan winning the Nobel prize?;37.1;2016-12-26 03:53:35
5;970;Who's more important: police officers or fire fighters?;37.2;2016-12-26 12:48:23
5;1233;Which is best Luxury Car brand;37.8;2016-12-25 17:07:06
5;986;How many boyfriends you have had? (Honestly);38;2016-12-25 20:21:25
5;1186;For men , Short Hair or Long Hair?;38.1;2016-12-25 18:56:05
5;1053;Do you consider yourself to be Happy?;38.2;2016-12-25 17:17:24
5;1102;Are you racist;38.3;2016-12-26 04:08:22
5;949;If you could mug JK Rowling...;39.3;2016-12-25 02:40:40
5;778;Will 2016 be remembered as the beginning of the end of civilization as we know it?;39.4;2016-12-21 22:46:57
5;1133;Yoga or Gym?;39.6;2016-12-26 14:54:31
5;1050;Never use the Internet again or make your entire browser history public?;39.7;2016-12-26 02:17:23
5;1100;Would you rather be rich or famous?;39.8;2016-12-24 06:28:32
5;1181;Who is better, Katy Perry or Taylor Swift?;40.2;2016-12-24 08:38:56
5;971;Which new Mozilla logo do you like best?;40.5;2016-12-25 20:22:03
5;1121;Bath or shower?;40.7;2016-12-24 12:15:54
5;1013;Having a relationship with someone for the money is the same as prostitution?;40.9;2016-12-25 05:49:55
5;1247;Is the 3rd world war coming?;40.9;2016-12-25 17:14:56
5;1248;Would you get a tattoo;40.9;2016-12-25 02:38:37
5;1260;Would you rather eat cat or dog?;41;2016-12-26 04:04:22
5;966;Do you wipe your ass from the front or from the behind;41.1;2016-12-25 17:10:36
5;1045;does true love exist?;41.4;2016-12-26 02:16:59
5;712;What's your favorite carnival food?;41.6;2016-12-25 11:10:17
5;769;Do you use the toilet seat covers in public restrooms?;41.6;2016-12-22 22:14:24
5;1074;Do you prefer paid apps/games or free apps/games with in-app purchases?;41.6;2016-12-25 17:17:40
5;1094;What is the minimum number of hours of sleep a teenager needs ?;41.8;2016-12-25 02:39:49
5;950;Do you like hugs?;42.1;2016-12-23 10:34:42
5;1269;China or India;42.2;2016-12-25 17:04:41
5;734;iPhone 5s not supported give me suggestions;42.6;2016-12-26 04:16:26
5;1139;What is the square root of 9?;42.6;2016-12-26 03:53:46
5;164;What common household item is your biggest source of despair?;42.8;2016-12-26 12:01:46
5;1275;Would you rather have a Pool or a Hot Tub?;42.9;2016-12-25 19:13:57
5;1119;What school subject do you hate?;43;2016-12-23 01:15:53
5;917;I'm buying a new guitar. Which one for progressive metal?;43.1;2016-12-22 04:29:58
5;1178;Which is a better country ?;43.3;2016-12-25 22:48:48
5;774;What one factor affects your sleep most?;43.7;2016-12-26 14:07:13
5;1034;God v/s Satan?;43.8;2016-12-24 06:46:26
5;1088;Is too much screen time hurting our kids?;44;2016-12-25 21:18:14
5;1303;Which is your favorite city?;44.2;2016-12-26 03:52:01
5;1254;Windows OS or Mac OS?;44.4;2016-12-26 08:24:20
5;1093;Which is better? (Android or iOS);44.7;2016-12-24 23:22:18
5;821;Electro music?;44.9;2016-12-23 22:34:48
5;1014;Where would you like to live?;44.9;2016-12-26 03:53:23
5;1276;Is Halloween the best holiday?;44.9;2016-12-25 10:54:30
5;759;Scarier to be buried in Spiders or Snakes?;45;2016-12-21 19:15:45
5;775;What element are you?;45.2;2016-12-17 02:59:59
5;944;Do you want to be less engaged with your family?;45.2;2016-12-24 06:50:53
5;1120;Would you let your partner look through your phone?;45.2;2016-12-25 00:54:19
5;1284;Are dogs smarter than cats?;45.2;2016-12-25 16:10:10
5;741;Windows or Mac OS;45.5;2016-12-25 17:20:39
5;65;What's the best way to learn User Interface Design?;45.8;2016-12-26 12:04:23
5;951;Can you read in your dreams? ;46.2;2016-12-26 12:48:12
5;729;Do you prefer to stand out from the crowd, or blend in?;46.4;2016-12-25 20:04:30
5;744;When should I eat my sandwich?;46.4;2016-12-21 19:04:59
5;771;Do women in India have more legal rights than they deserve????;46.7;2016-12-26 06:25:44
5;1214;Which store do you prefer to shop at?;46.9;2016-12-24 21:28:55
5;991;Would you pay for sex?;47;2016-12-25 20:23:57
5;943;Which religion do you like better?;47.6;2016-12-26 05:55:55
5;763;Do you check your phone after Bed.;47.7;2016-12-24 03:31:05
5;750;What do you think about ios.;48.1;2016-12-25 02:41:20
5;1256;Should hunting animals be banned?;48.6;2016-12-25 17:10:40
5;742;Which is truly better,Mac os or Windows;48.8;2016-12-24 19:06:34
5;755;yes or no?;48.8;2016-12-25 20:10:13
5;964;Have you ever switched from android to iPhone?;48.8;2016-12-23 06:13:15
5;988;Do you speak English or Spanish?;48.8;2016-12-24 01:53:07
5;962;Should prostitution be legal?;49.1;2016-12-26 12:48:21
5;1318;Is transexuality healthy?;49.1;2016-12-25 02:10:08
5;230;Christmas decorating before Thanksgiving;49.2;2016-12-26 12:49:49
5;265;Should Notre Dame be in the top 4?;49.2;2016-12-24 09:38:54
5;1221;Should the government ban porn or not?;49.8;2016-12-23 22:35:27
5;1112;Is the word "retard" offensive?;49.9;2016-12-26 04:08:51
5;1044;How many countries you've been to??;50.2;2016-12-26 04:38:55
5;163;How gnarly is this wave?;50.3;2016-12-19 19:20:16
5;713;What's your favorite part of the 4th of July?;50.3;2016-12-26 10:24:17
5;945;What time do you wake up in the morning?;50.5;2016-12-25 17:18:45
5;48;Will Apple Music kill Spotify?;50.7;2016-12-23 09:34:14
5;125;What's in your ultimate comfy bed?;50.9;2016-12-20 00:26:26
5;162;Does the Internet contain the answers to all of life's most important questions?;50.9;2016-12-24 07:38:23
5;144;Will humans ever land on Mars?;51.1;2016-12-19 23:08:17
5;749;What color are your eyes?;51.1;2016-12-25 09:11:17
5;800;Which os is better in secure in  personal data ? iOS or android?;51.1;2016-12-25 02:40:41
5;42;What is your favorite form element?;51.5;2016-12-26 12:03:25
5;154;Why does the caged bird sing?;51.6;2016-12-22 01:10:28
5;198;What do you think of electric skateboards?;51.7;2016-12-24 09:41:35
5;931;Do you consider a happy or depressed person?;51.8;2016-12-26 06:15:17
5;985;Blondes or brunettes?;51.9;2016-12-24 12:05:35
5;43;Who is your favorite sci-fi writer?;52;2016-12-26 12:05:45
5;995;Would you rather be able to change the past or see the future?;52.2;2016-12-24 17:25:40
5;183;The Blue Angels are... ?;52.3;2016-12-23 07:57:52
5;740;what do you think about the iphone or apple ?;53;2016-12-24 18:13:58
5;181;Do you whip/nae nae?;53.1;2016-12-24 13:50:42
5;1309;If your whole life was a dream, would you like to;53.1;2016-12-25 17:16:24
5;915;How many people are using this app ?;53.3;2016-12-25 08:38:47
5;932;Should marijuana be legal all around the globe?;53.6;2016-12-25 17:20:33
5;711;Better to be blind your whole life, or have sight for 20 years and lose it?;53.7;2016-12-25 02:38:35
5;920;Does life exist after death?;53.9;2016-12-26 10:57:41
5;138;Which color iPhone should I get?;54.8;2016-12-25 17:09:21
5;217;Disgusted or proud?;54.8;2016-12-26 12:50:20
5;50;Pool or ocean?;54.9;2016-12-26 12:54:41
5;737;Are ghosts real ?;55;2016-12-25 20:58:41
5;727;CAT OR DOG?;55.3;2016-12-24 06:43:17
5;952;Favorite season?;55.3;2016-12-26 12:48:14
5;264;Who is the best in the NBA?;55.4;2016-12-24 18:13:01
5;721;If you were rich what would you buy?;55.5;2016-12-26 11:33:06
5;758;Can a father kiss his 10 year old daughter on the lips?;55.6;2016-12-25 02:39:04
5;1020;I can't live without?;55.8;2016-12-26 14:07:06
5;226;Favorite doodle;56.2;2016-12-24 15:29:35
5;116;greatest physicist;56.3;2016-12-24 18:10:29
5;761;Who's late more women or men?;56.4;2016-12-24 08:26:56
5;273;Davidson or UNCC tonight;56.8;2016-12-24 13:50:23
5;168;What number am I thinking of between 1 and 10?;56.9;2016-12-26 02:15:25
5;80;Should we phase out coal powered power plants?;57.15;2016-12-23 22:34:16
5;239;Who are better drivers, women or men?;57.2;2016-12-24 18:12:21
5;953;Which profession is least ethical?;58;2016-12-25 17:56:32
5;965;Where are the most beautiful women?;58.2;2016-12-25 07:27:42
5;709;Where would you prefer to live?;58.5;2016-12-25 17:08:09
5;286;Is the US economy going into recession;58.6;2016-12-24 13:51:41
5;765;Do you feel older or younger than you really are?;58.6;2016-12-24 08:32:51
5;211;How many apples?;58.7;2016-12-24 09:30:42
5;738;what do you think about android?;58.8;2016-12-26 12:51:22
5;916;Are you straight?;59.1;2016-12-26 04:15:12
5;184;Can you even?;59.8;2016-12-20 07:14:00
5;100;How hot is too hot in NYC?;59.9;2016-12-23 14:43:20
5;229;Sunrise or sunset?;59.9;2016-12-25 13:18:38
5;153;Uber or Lyft?;60.3;2016-12-26 12:00:22
5;182;Worst way to die?;60.9;2016-12-25 17:20:46
5;270;Favorite Christmas tradition?;61.2;2016-12-26 11:52:43
5;834;What is the capital of India?;61.5;2016-12-25 19:17:24
5;851;Ladies- who would you rather be stuck in a building with?;61.6;2016-12-26 10:47:31
5;936;Boy or Girl?;61.7;2016-12-26 03:54:48
5;819;Pick a number between one and four;62.2;2016-12-24 03:32:05
5;833;You've just found out you have 24 hours to live. How do you spend your last day alive?;62.7;2016-12-26 04:20:55
5;745;Do you walk around naked when you're home alone?;66.2;2016-12-23 13:09:37
5;207;What will you be for Halloween?;66.9;2016-12-24 18:08:00
5;937;Boy or girl?;66.9;2016-12-24 23:40:14
5;298;What's your favorite Christmas Carol?;67.3;2016-12-26 13:02:40
5;1313;Which is a better country ?;67.7;2016-12-26 11:33:21
5;39;Will we put a person on Mars?;68;2016-12-26 13:25:38
5;280;Better to give than to receive?;68.4;2016-12-25 07:45:16
5;308;Is getting bear poop in your Xmas stocking the Montana equivalent of a lump of coal?;68.4;2016-12-24 13:51:36
5;335;It says I have 1 follower, but when I click on that it won't show me who that follower is. Is this just a glitch or something else?;70.5;2016-12-24 09:34:38
5;863;Photo or video ?;71.2;2016-12-25 20:10:48
5;287;Is "Elf on the Shelf" now more important to kids than Santa Claus?;71.3;2016-12-24 13:51:28
5;210;What should happen to Daylight Saving Time;71.5;2016-12-25 17:18:38
5;704;Snapchat or Instagram?;71.9;2016-12-25 20:06:25
5;1147;Would you go to a nude beach?;73.3;2016-12-24 07:24:19
5;1315;Should marijuana use be legal across the entire US?;73.7;2016-12-25 02:10:24
5;938;Boy or girl?;76.2;2016-12-25 18:03:50
5;839;What can swim faster: a dog, or a horse?;77.5;2016-12-26 12:01:30
5;297;If you could have a service animal which would you choose?;78.6;2016-12-25 09:12:50
5;293;What's the best part of winter?;79.2;2016-12-25 17:19:58
5;880;Which iPhone colour is the best?;81.1;2016-12-26 04:18:08
5;313;Are you going to party big on New Years Eve?;82.2;2016-12-25 07:43:00
5;311;What's your New Year's resolution?;83.1;2016-12-25 17:20:01
5;333;What's your favorite snow day activity?;83.2;2016-12-24 19:08:06
5;881;Fave Meme?;84.5;2016-12-24 07:06:01
5;316;Best New Years Resolution?;84.9;2016-12-24 12:27:42
5;328;Is it possible to see space from the Great Wall of China?;85.6;2016-12-24 09:32:25
5;341;Should the ACCT get in the business of Accrediting Adventure Parks and Ziplines?;88.9;2016-12-26 08:25:14
5;309;Naughty or Nice?;90.7;2016-12-24 09:37:10
5;705;Are you afraid of clowns?;95.6;2016-12-26 12:21:10
5;347;DIY?;95.9;2016-12-26 03:56:09
5;918;Does size really matter?;102.1;2016-12-22 18:19:36
5;886;Do you believe in Karma?;105;2016-12-19 01:36:30
5;381;First flower up in your garden?;105.9;2016-12-25 17:12:32
5;879;Which OS is the best?;106.5;2016-12-25 20:19:17
5;352;Do you prefer vacations with mountains and rivers or the beach?;106.9;2016-12-25 17:06:17
5;843;If you could be stuck in 1 period of your life for eternity, which would it be?;107.4;2016-12-25 06:29:04
5;618;What is your favorite way to clean your nasal passages?;108;2016-12-26 13:15:56
5;321;are you a dog person or a cat person?;112.7;2016-12-25 07:42:06
5;620;Will I pass my math special exam?;112.7;2016-12-25 17:10:07
5;645;Is it better to know WHEN you are going to die, or HOW?;114.1;2016-12-25 02:41:45
5;908;Would you rather have to use the original 2007 iPhone, or a 2016 flip phone?;116.1;2016-12-25 11:12:03
5;388;Best Lake?;116.6;2016-12-25 20:03:12
5;1072;Would it hurt more to lose an arm or lose a leg?;116.7;2016-12-26 14:54:20
5;909;If you had to, would you rather relive your birth, or watch your conception?;117.6;2016-12-26 10:24:34
5;604;Do you think the world should end now?;122.7;2016-12-24 04:33:39
5;606;Should the US switch to the metric system?;128.3;2016-12-25 02:43:36
5;802;Would you rather have free wifi or free healthcare?;130.7;2016-12-26 04:16:12
5;660;Better celebration: Birthday or Christmas?;131.7;2016-12-24 14:42:29
5;875;iPhone or Samsung;133.2;2016-12-25 02:38:36
5;627;Is math the most difficult subject in school? ;135.2;2016-12-25 12:25:14
5;661;Tattoos or Piercings?;146;2016-12-26 08:57:34
5;599;Would you rather have a real working lightsaber, or save a starving child in Africa that you will never meet?;147.9;2016-12-25 19:56:52
5;377;When will marijuana be completely legal in the US?;150.1;2016-12-25 23:23:30
5;1439;Better to give or receive?;150.2;2016-12-26 15:18:35
5;895;Gangster or police?;152.7;2016-12-25 01:29:27
5;393;How will you celebrate St Patrick's Day?;156.7;2016-12-26 12:53:03
5;600;Would you rather find true love, or ten million dollars?;158.8;2016-12-26 14:06:28
5;670;When deciding where to move which criteria carries the most weight in your decision?;161.6;2016-12-26 04:10:27
5;382;Is global warming caused by humans?;186.8;2016-12-26 11:32:52
5;413;Who invented the internet?;190.3;2016-12-26 11:47:14
5;674;What should one bring to their host family's thanksgiving?;193;2016-12-25 20:05:57
5;383;Are tattoos still cool?;195.6;2016-12-25 02:37:37
5;547;Which would you rather pop?;199.8;2016-12-26 01:48:52
5;390;How often do you check your email?;205.7;2016-12-26 11:35:03
5;673;Do you ever talk on your phone like this?;211.3;2016-12-26 08:02:55
5;395;What technology will have the greatest effect on humanity?;212.6;2016-12-26 11:36:32
5;657;Is everyone (at least a little bit) racist?;214.7;2016-12-24 10:32:04
5;548;Would you rather not have arms, or not have legs?;216.4;2016-12-26 01:48:47
5;557;Who is the best?;216.5;2016-12-26 01:47:34
5;671;Scariest animal?;224.4;2016-12-26 09:45:15
5;556;Do you check your phone before bed?;231.9;2016-12-26 01:47:42
5;659;Would you sleep with a transexual?;236.3;2016-12-26 08:30:54
5;421;What should minimum wage be in the US?;249;2016-12-26 11:48:09
5;675;Best way to cool down on a hot day?;251.5;2016-12-25 12:28:11
5;562;What's the point of Life?;254.7;2016-12-26 03:50:07
5;566;Do you think social media has a positive or negative effect on your life overall?;260.6;2016-12-26 01:46:20
5;512;Does it bother any one when some people make "quote marks" when they are talking ;265;2016-12-26 11:52:10
5;509;Are you the kind of person who likes to dip a toe in first, or do you jump right in?;267.6;2016-12-26 11:51:03
5;504;Do you like Instagram's new logo?;268.7;2016-12-25 05:54:32
5;550;Do you spend more time worrying about the past or the future?;300.6;2016-12-26 06:15:42
5;902;Do Aliens Exist?;312;2016-12-25 01:44:22
5;435;how will you celebrate 4/20?;313.7;2016-12-25 07:33:53
5;436;When invited to dinner the host says not bring anything. Do you...;320.4;2016-12-26 12:57:43
5;407;Will you vaccinate your child?;324.1;2016-12-26 11:43:55
5;570;Do you think people are too easily offended these days?;338.6;2016-12-26 14:55:56
5;513;Are you nervous on Friday the 13th?;339.7;2016-12-25 07:58:47
5;571;What's worse a cold toilet seat, or a warm toilet seat?;353.2;2016-12-26 06:46:39
5;520;Which is a more preferred name for my new dog?;359.2;2016-12-26 02:54:00
5;518;Neat or messy, which one are you?;363.6;2016-12-26 02:54:23
5;580;What is the greatest mystery of all time?;369.2;2016-12-26 03:59:15
5;567;What would be the best Super Power?;369.6;2016-12-26 14:55:52
5;581;How many times do you swear per day?;392.5;2016-12-26 04:23:19
5;685;What does this symbol mean?;411;2016-12-25 20:23:17
5;440;What's your perfect Friday night?;415.3;2016-12-26 04:33:21
5;466;Would you use an app which allows you to meet people with common interest?;422.3;2016-12-24 20:53:06
5;582;Should going to college be free?;434.5;2016-12-26 14:55:58
5;555;Would you rather be smarter or better looking?;443.3;2016-12-26 01:47:50
5;525;Do you ever brush your teeth on the toilet?;451.3;2016-12-26 14:20:45
5;444;Blonde, brunette or other?;455.6;2016-12-26 12:37:47
5;684;What do you wear to bed?;462.5;2016-12-25 20:23:39
5;460;Do you think you're crazy?;469.9;2016-12-25 20:18:05
5;468;Can you lick your elbow?;476.9;2016-12-25 20:41:55
5;448;Which would you rather be stuck in an elevator with?;485.9;2016-12-26 04:31:30
5;572;If you could control one of these elements, which would it be?;524.1;2016-12-26 06:16:37
5;597;How can i monitor business spending against a budget?;540.8;2016-12-26 13:48:18
5;613;Does this woman's finger length toes creep you out?;546.5;2016-12-24 23:32:21
5;471;If you had to lose one sense, which one would you choose?;557.5;2016-12-26 12:47:41
5;472;What do you actually do while you procrastinate?;563.4;2016-12-26 12:47:48
5;450;Would you rather know what happens after death or how the world began?;573.7;2016-12-26 04:30:28
5;451;Have you ever written a letter by hand and sent it in the mail?;577;2016-12-26 12:52:12
5;531;When someone says 'Now I'm not trying to be rude' I know they're about to?;590.1;2016-12-26 14:19:26
5;530;Would you rather smoke with Snoop Dogg, or Wiz Khalifa?;598;2016-12-26 14:19:33
5;589;Scooter or Skateboard ?;598.5;2016-12-26 11:28:07
5;452;Do you like background noise when you sleep?;623.7;2016-12-26 12:50:43
5;878;Are you always hot or always cold?;769.3;2016-12-25 02:38:35
5;690;Is God real;770.9;2016-12-26 14:36:15
5;536;MOOC or go to school?;778.5;2016-12-26 14:45:18
5;691;Do you believe in Rebirth?;829.9;2016-12-26 15:00:01
5;481;You have 3 options for toilet paper; duct tape, sand paper or your hand, which do you choose?;844.5;2016-12-26 05:26:07
5;483;How do you celebrate Cinco de Mayo?;850.1;2016-12-26 05:25:35
5;458;Does it bother you when people don't put a question mark after the question;1388.2;2016-12-26 14:07:02
5;490;Are you afraid of your basement?;1428.3;2016-12-26 11:40:13
5;494;Do you pee in the shower;2004.3;2016-12-26 15:30:30
5;539;Have you ever sent a nude photo to anyone?;2686.4;2016-12-26 14:54:16
5;497;How often do you masturbate?;3188.4;2016-12-26 15:30:10
5;573;Would you rather be rich and ugly, or poor and hot?;6037.5;2016-12-26 15:27:48
5;698;Which is truly better, iPhone or Android?;15714.6;2016-12-26 15:33:18
6;1022;Should EpiPens be free?;35.4;2016-12-26 05:46:25
6;1148;Hallelujah?;36;2016-12-24 20:20:17
6;1209;Do you trust mainstream media?;37.1;2016-12-24 19:09:38
6;1259;Should charmander be friends with litten?;39.2;2016-12-26 06:23:06
6;1206;Is global warming making hurricanes worse?;39.3;2016-12-22 02:18:12
6;1212;do u still like clowns;45.5;2016-12-25 05:29:03
6;975;Should genetic engineering of humans be outlawed?;46.8;2016-12-26 14:57:17
6;1138;Should Wells Fargo CEO John Stumpf go to jail?;47.4;2016-12-24 23:46:04
6;1277;Will you miss Vine?;47.7;2016-12-25 07:25:17
6;955;pakistan is a terrorist nation?;51.1;2016-12-26 12:48:16
6;74;Do you agree with the Dominique Strauss-Kahn verdict?;52.6;2016-12-24 08:21:54
6;23;Is fracking dangerous to water supplies?;53.4;2016-12-26 14:29:02
6;155;What does the Pope's visit mean to you?;54.4;2016-12-22 08:16:16
6;47;Who is the best newscaster?;54.9;2016-12-25 02:38:08
6;104;Should Oscar Pistorius be released early?;54.9;2016-12-26 11:58:27
6;215;Who's responsible for the Paris terrorist attacks?;55.9;2016-12-24 18:21:32
6;113;Are we headed for a Wall St crash?;57.6;2016-12-25 07:41:53
6;87;Should Greece be kicked out of the EU?;58.1;2016-12-26 11:57:35
6;135;What should the EU do about the refugee crisis?;58.3;2016-12-25 17:12:53
6;40;Who is your favorite world leader?;59.5;2016-12-26 12:06:06
6;160;Best Pope Ever?;60.6;2016-12-25 02:40:10
6;176;Could today get any worse?;61.2;2016-12-23 08:13:34
6;84;Did the supreme court rule correctly on Obama Care?;61.6;2016-12-24 18:24:11
6;170;What are we whining about today?;62.3;2016-12-26 03:52:52
6;98;Should Greece have been bailed out?;62.5;2016-12-26 11:57:49
6;85;Will the NY prison escapees ever be caught?;62.6;2016-12-26 04:03:58
6;728;Do you think most cops are racist?;63.6;2016-12-23 07:36:26
6;171;Who will win the inevitable war between Earth and Mars?;64.2;2016-12-26 09:05:34
6;103;What is your favorite news website?;64.5;2016-12-25 14:31:21
6;133;What should happen to Kim Davis, the Kentucky marriage clerk?;64.6;2016-12-18 00:28:21
6;99;What should happen to Bill Cosby?;66.2;2016-12-26 14:14:12
6;79;How would you describe The Donald?;75.5;2016-12-25 17:18:58
6;840;Who will win in America?;80.2;2016-12-26 04:15:44
6;224;Black Lives Matter won't apologize for #FuckParis do you support their movement still?;84.3;2016-12-26 12:49:34
6;132;Should Black Lives Matter focus more on black-on-black violence?;86;2016-12-26 09:37:38
6;362;Mashable or TechCrunch?;94.6;2016-12-23 15:24:39
6;640;Will you use LinkedIn more or less now that it's part of Microsoft?;95.5;2016-12-26 14:56:16
6;340;How concerned are you about the Zika virus?;101.7;2016-12-23 23:50:28
6;305;Housing in SF: KFC/Taco Bell or a five-story building at Marina District?;103.2;2016-12-24 13:51:15
6;623;Who's more embarrassing for the US: Trump or The Kardashians;133.9;2016-12-24 15:15:24
6;386;Does Erin Andrews deserve $55 million for being videotaped naked without consent?;152.2;2016-12-26 09:38:26
6;392;Are you outraged over the Tilikum saga?;159.5;2016-12-25 23:22:30
6;371;Do you think Apple should help the government de-encrypt the iPhone?;166;2016-12-26 02:21:00
6;415;Are you surprised by the Panama Papers scandal?;192.4;2016-12-26 15:08:52
6;542;What do you think of the new Apple flagship store?;197.6;2016-12-26 14:55:48
6;364;Is Steven Avery guilty of murder?;197.8;2016-12-26 11:30:26
6;505;Does anyone want to leave a last goodbye to friends and family via social media before they die?;230.8;2016-12-25 05:54:24
6;406;Does "Black Privilege" exist?;235.5;2016-12-25 02:40:42
6;360;Is Adnan Syed Innocent?;256;2016-12-26 09:23:43
6;591;Should a zoo animal be killed if a human enters its cage?;1014.9;2016-12-26 15:22:26
6;693;Are there really more than two genders?;3197.4;2016-12-26 15:16:53
7;1441;SHOULD KASHMIR GET FREEDOM ;2.7;2016-12-26 15:00:00
7;1404;Who is the best PM?;16.7;2016-12-26 09:05:45
7;1409;Do labor unions do more harm than good?;17.4;2016-12-26 00:02:45
7;1410;Is it Okay to bring your children to business meetings?;19.4;2016-12-26 03:51:33
7;1397;Should there be a maximum wage?;22.5;2016-12-26 05:41:09
7;1359;Which should the U.S government focus on more?;23.5;2016-12-25 10:33:51
7;1356;Will there be another communist revolution?;23.7;2016-12-26 04:27:40
7;1399;Do you believe Russian hackers changed the outcome of the US election?;25;2016-12-26 00:03:51
7;1358;Thoughts on gun control;26.8;2016-12-26 00:29:18
7;1354;Is healthcare a basic human right?;29.7;2016-12-25 10:34:44
7;1179;Is Indian Primeminister Mr.Narendra Modi doing well with the country?;29.8;2016-12-23 23:49:42
7;1346;Worst thing that happened in 2016;30;2016-12-25 23:38:27
7;1330;Will we have a World President in the future?;30.5;2016-12-25 10:39:54
7;1270;Should Spain allow Russian warships bound for Syria to use it's ports to refuel?;31.1;2016-12-25 10:27:49
7;1205;Who would win if there is a war between india and pakisthan?;31.3;2016-12-26 05:00:08
7;1333;Does the US spend too much on the military?;31.5;2016-12-26 04:04:38
7;1127;Will Donald Trump bail on the debate against Hillary?;32.3;2016-12-25 02:38:11
7;1092;Is islam the religion of peace?;33.1;2016-12-26 06:20:19
7;1042;Should Dilma Rousseff have been removed as President of Brazil?;33.3;2016-12-18 03:46:00
7;1200;Who won the vice presidential debate?;33.8;2016-12-24 23:50:51
7;1110;Should the US start the political race over with new candidates?;34.5;2016-12-26 15:05:44
7;1156;This image makes me... ?;35.7;2016-12-24 05:46:25
7;1054;Is this true..??;35.9;2016-12-24 23:42:19
7;1236;Is Ken Bone the best hope for America?;36;2016-12-26 05:43:42
7;1213;Is this latest recording the thing that sinks Trump?;37.2;2016-12-26 04:35:50
7;946;Is Hamas a terrorist organization?;38;2016-12-26 04:03:57
7;805;Which group poses the greatest threat to civilized society?;38.2;2016-12-22 07:52:01
7;1114;If Hillary Clinton was too sick, what Democrat would you prefer?;38.3;2016-12-26 14:07:08
7;1174;Should Obama say "Islamic Terrorist" ?;38.3;2016-12-22 18:44:06
7;1015;Who should be president?;38.6;2016-12-26 14:55:34
7;1224;Should the Guantanamo Bay Prison be closed?;38.8;2016-12-25 19:39:08
7;1076;Should Obama stop the Dakota pipeline?;39;2016-12-22 07:50:02
7;1082;Do you believe in global warming?;39.3;2016-12-26 14:55:44
7;1299;Do you identify as Feminist?;39.3;2016-12-26 03:30:42
7;960;Do you think the Russian Government is hacking the US Democratic Party?;40.2;2016-12-26 10:38:04
7;1047;Is Donald Trump's new hat offensive or just ridiculous?;40.4;2016-12-26 14:55:37
7;1268;How corrupt is your government?;41;2016-12-26 04:26:52
7;812;Who would Jesus bomb?;41.4;2016-12-26 14:56:28
7;1157;Who won the first debate?;41.4;2016-12-23 04:44:30
7;1164;Do you believe the rumors that Trump and Hillary had an affair in the 90's?;43.2;2016-12-25 04:13:09
7;1184;Would you watch Trump's porn movie?;43.5;2016-12-26 00:36:23
7;1241;Trump or clinton;43.5;2016-12-25 20:05:30
7;816;Melania or Bill?;45.4;2016-12-26 14:56:51
7;807;Which Lives Matter?;46.3;2016-12-26 14:56:48
7;795;Freedom of speech?;46.6;2016-12-25 01:25:56
7;809;Why are Americans so stupid?;47;2016-12-22 11:49:42
7;1324;Who's your Presidential candidate for 2020?;48;2016-12-26 04:27:27
7;1320;Are we fucked?;48.5;2016-12-26 04:02:37
7;933;Should Israel be a state?;50.5;2016-12-26 14:57:14
7;972;Harambe for president?;50.9;2016-12-26 12:48:25
7;1155;Who wins tonight's debate?;53;2016-12-23 08:12:47
7;34;Is Bill DeBlasio doing a good job?;54.4;2016-12-26 02:49:15
7;790;Did Milo deserve to get banned from Twitter?;55.1;2016-12-26 14:56:43
7;830;Have you ever been helped by the police?;55.2;2016-12-26 06:12:22
7;30;Will Iraq survive as a unified country?;55.3;2016-12-22 20:39:28
7;33;Should the US Navy patrol the South China Sea?;55.8;2016-12-22 02:00:05
7;1253;What will Trump do when he loses the election?;56.7;2016-12-23 10:00:44
7;35;Is Turkey the key to Middle East peace?;58.9;2016-12-26 14:07:10
7;119;Should Congress approve the Iran nuclear deal?;59.9;2016-12-24 13:52:20
7;1311;Should everyone vote?;60.1;2016-12-24 02:31:05
7;195;Is the Benghazi investigation motivated by politics?;61;2016-12-24 08:44:57
7;143;Who won the CNN republican debate?;61.2;2016-12-24 18:27:18
7;161;Was John Boehner an effective speaker of the house?;61.9;2016-12-26 12:01:21
7;188;Should the US keep troops in Afghanistan?;63.4;2016-12-25 02:37:35
7;199;Can Paul Ryan save the GOP?;64.2;2016-12-26 11:51:27
7;1321;Now that Trump's elected what will you do?;65.3;2016-12-26 04:21:49
7;236;Should the US  commit ground troops to defeat Daesh?;70;2016-12-25 13:08:51
7;150;Is abortion murder?;70.4;2016-12-18 16:19:22
7;284;Can we ban Donald Trump from all media coverage?;72.6;2016-12-25 18:08:05
7;296;Who won the GOP debate last night?;73.3;2016-12-24 18:20:51
7;223;The Liberal Movement is it Destroying America?;77.3;2016-12-25 09:47:55
7;172;Is the death penalthy wrong?;78;2016-12-26 08:04:13
7;111;Who is your favorite former president?;78.3;2016-12-25 17:18:30
7;21;Who will win?;78.4;2016-12-24 18:19:44
7;1316;Have you "unfriended" anyone because of their political beliefs?;78.6;2016-12-25 02:10:22
7;866;Our choices for president in 2016 are very disappointing. With all the people who live in this country these are our two best choices? Who should be our next president? (God help us.);78.7;2016-12-25 03:04:08
7;17;Who does Vladimir Putin remind you of?;81.9;2016-12-26 10:47:00
7;330;Does the Sarah Palin endorsement help or hurt Trump?;84.9;2016-12-24 13:50:50
7;149;Who's the greatest US President?;86.3;2016-12-26 10:46:04
7;241;Should we let Syrian refugees in to the US?;86.4;2016-12-25 17:11:32
7;338;Should Bloomberg enter the race?;86.5;2016-12-25 02:37:36
7;312;Should England retire the monarchy?;89.2;2016-12-26 11:57:09
7;112;Will Bernie Sanders defeat Hillary?;96.1;2016-12-26 10:46:04
7;279;Donde debe entregarse la banda presidencial?;96.7;2016-12-24 13:50:55
7;869;Who's your favorite Clinton?;98.1;2016-12-26 14:57:02
7;844;Best religion?;100.9;2016-12-26 14:56:55
7;616;Will Bernie win California?;107.4;2016-12-26 14:56:08
7;848;Who would you rather vote for?;108.5;2016-12-26 11:28:41
7;332;Do you care about Hillary's emails?;109.1;2016-12-24 13:50:29
7;356;Who wins the NH Republican Primary?;113.1;2016-12-26 05:41:47
7;1069;Do Johnson and Weld have a chance?;114.4;2016-12-26 14:55:41
7;700;Who is next after Brexit?;117.7;2016-12-26 02:25:54
7;368;Who is the more devout communist?;117.9;2016-12-26 13:17:33
7;649;Jimmy Carter suggests getting private money out of US elections and using tax dollars to fund them instead, is this a good idea?;120.5;2016-12-24 11:11:43
7;624;Would you vote for a candidate solely because they were a member of your group (gender, race, religion, etc.)?;121.5;2016-12-25 20:05:25
7;342;If it comes down to Trump vs Sanders?;126.7;2016-12-26 10:50:53
7;625;Would you vote for a candidate you strongly opposed solely because they were the representative of your political party?;131.7;2016-12-26 11:54:33
7;662;Wealth should be equal OR opportunity should be equal?;139.7;2016-12-24 17:50:21
7;378;If you had to sleep with one presidential candidate who would it be?;141.3;2016-12-25 23:23:23
7;849;Your position on the political spectrum?;154.8;2016-12-26 04:20:49
7;898;Do you think there has been a coup in Brazil?;158.4;2016-12-23 05:56:49
7;375;Who does Jeb Bush dropping out help most?;163.9;2016-12-25 23:23:40
7;366;What Republican candidate has the best shot to defeat Trump?;169.3;2016-12-26 11:31:38
7;397;Is ISIL getting stronger?;174.6;2016-12-26 11:38:03
7;398;After the terror attacks in Brussels are you more or less likely to vote for Trump?;178.5;2016-12-23 03:07:31
7;401;Is Donald trump a politician?;185.5;2016-12-26 11:40:35
7;896;Was 9/11 an inside job?;189.8;2016-12-26 01:35:12
7;672;Should Britain leave the EU?;206.1;2016-12-26 14:56:26
7;400;Will this sex scandal end Ted Cruz's campaign?;218.3;2016-12-26 11:39:42
7;365;Who should appoint the next Supreme Court justice?;239.6;2016-12-26 11:31:05
7;901;Who killed JFK?;256.6;2016-12-26 04:05:29
7;424;Who won the latest Clinton-Sanders debate?;268.8;2016-12-26 11:49:56
7;516;DO YOU THINK ALL THESE ORGANISATION THAT ARE TRYING TO SHOW GENDER EQUALITY BY GIVING SO MANY OPPORTUNITIES AND PRIVILEGES TO ONLY WOMAN IS KIND OF SEXISM AGAINST MEN;301.5;2016-12-26 02:54:53
7;431;F, M, K: Bernie, Hillary, Trump;305.3;2016-12-26 12:45:42
7;575;Who would you rather see debate?;330.7;2016-12-26 02:02:29
7;682;Will the UK thrive apart from the EU?;370.8;2016-12-26 14:56:28
7;425;Is Ted Cruz The Zodiac Killer?;445.1;2016-12-26 11:50:35
7;475;Should Ted Cruz be forced to carry his aborted Presidential Campaign to full term?;525.1;2016-12-26 12:55:50
7;1317;Who did you vote for, Trump or Hillary?;659.1;2016-12-25 21:58:57
7;479;Did Ted Cruz drop out of the presidential race to focus on zodiac killing?;711.4;2016-12-26 12:50:00
7;476;Hillary v Donald, who wins?;742.8;2016-12-26 12:48:04
7;621;Should Bernie Sanders drop out now?;858.9;2016-12-26 05:42:17
7;484;Does Trump's racist "I love Hispanics" post surprise you?;970.8;2016-12-26 05:25:20
7;491;How many rats do you think live in Donald Trump's hairpiece? ;1492.7;2016-12-26 15:30:48
7;648;Do you think we need to ban civilians from buying assault rifles?;1714.7;2016-12-25 10:39:03
7;941;Is Donald Trump just misunderstood by the media, or is he really just a garbage troll monster;1820.7;2016-12-26 15:28:56
7;697;Should Abortion Be Made Fully Illegal?;7778;2016-12-26 15:31:33
8;1430;If your boyfriend says (That your going to find another guy with money to buy you a puppy is he calling you a ho/gold digger?;9.7;2016-12-26 06:45:36
8;1429;Have you ever been in a relationship that lasted more than 3 years?;14.4;2016-12-26 07:23:06
8;1363;So I took 6 pregnancy test over the last 3 weeks and 4 were negative and 2 were positive, not were taken in the morning, all in the middle of the day or at night, what should I think? Is there such thing as false positives?;18;2016-12-26 03:58:51
8;1414;Ladies: Do you prefer a pretty man or a rough one?;18.8;2016-12-25 20:36:53
8;1412;Who do you love more, your Mom or your Dad?;20.6;2016-12-26 04:37:50
8;1377;Lesbians:would you date a girl who used to be a boy?;20.8;2016-12-25 16:22:25
8;1342;Am I pregnant;24.2;2016-12-25 10:37:55
8;1368;Would you rather your girl cheat on you with another girl or a guy?;28.6;2016-12-25 20:04:27
8;1201;whos better ;31.3;2016-12-25 20:21:18
8;1103;Why do people print wedding menus when you know what you are getting for dinner? ;31.4;2016-12-24 06:48:17
8;1152;is there should be a war between India and Pakistan?;33.7;2016-12-24 20:40:28
8;1132;Would you marry someone who has been married 4 times?;33.8;2016-12-26 14:54:25
8;1211;do you care who i am;37;2016-12-24 11:28:10
8;1351;What is the most attractive hair color ;37;2016-12-26 00:13:19
8;1172;Do you use Tinder?;40.1;2016-12-24 03:35:32
8;1137;Do you stalk your ex on social media?;42.1;2016-12-25 17:17:51
8;1210;Will you let your partner have your phone unlocked ?;42.4;2016-12-24 08:26:09
8;1031;Hardcore or softcore?;43;2016-12-26 02:16:29
8;1052;Money or family;43;2016-12-26 02:17:40
8;1001;Would you date someone shorter than you?;44.7;2016-12-23 05:35:02
8;1134;Condom before sex?;44.8;2016-12-25 17:17:44
8;1273;Is it ok for a woman to propose to a man?;45;2016-12-25 05:39:59
8;1286;Is it weird to not want to get married and have kids?;45.4;2016-12-25 19:54:22
8;1035;Have you a GF or BF;45.5;2016-12-26 02:16:39
8;1289;Who did you learn about sex from?;45.7;2016-12-23 22:50:36
8;1142;Are you a lover or a fighter?;46;2016-12-25 17:18:07
8;1009;Troublemaker or Peacemaker?;46.1;2016-12-25 20:22:28
8;1078;Which would you prefer for a first date?;46.1;2016-12-25 17:18:26
8;798;Is it dumb to think of your ex when you have been betrayed by them?;46.3;2016-12-22 18:19:22
8;1255;Do you choose a partner based on looks or personality?;46.5;2016-12-26 05:47:20
8;748;can you forget the memories of your ex?;47.9;2016-12-26 14:56:41
8;1040;How would you respond if your ex wanted to get back together?;49.6;2016-12-26 02:16:51
8;1011;DID YOU MASTURBATE TODAY?;50.4;2016-12-26 09:37:25
8;793;Would you date someone in a wheelchair?;50.6;2016-12-26 14:56:47
8;773;Tomboy or Girly-Girl?;51.5;2016-12-18 07:55:43
8;1041;do you wear socks at sex time?;51.6;2016-12-25 17:17:12
8;757;Is Love Overrated?;51.8;2016-12-26 05:45:36
8;177;Do you hide your self-help books when friends come over?;52.1;2016-12-24 12:33:33
8;822;you are not gay, but have You ever felt attraction for a same sex friend of yours?;52.5;2016-12-26 04:20:42
8;927;How do you deal with a person who talks to you only when they need something?;53.4;2016-12-23 08:03:12
8;832;When are you going to tell your wife you cheated on her?;55.8;2016-12-25 17:13:16
8;24;Best spontaneous gift;56.1;2016-12-25 07:44:51
8;1422;Who lies more, men or women?;58.7;2016-12-26 15:33:47
8;922;With condom or without?;58.8;2016-12-24 20:18:32
8;1297;Guys: would you rather date a short girl or a tall girl?;58.9;2016-12-26 04:18:52
8;817;Best way to breakup?;59;2016-12-26 14:56:53
8;928;Do people change over time?;59;2016-12-26 14:57:12
8;990;What is the real purpose when a woman with great body wears tight jeans?;59.8;2016-12-25 12:14:37
8;179;Would you ever take back an ex who cheated on you?;60;2016-12-22 02:21:04
8;925;Did you ever had sex with your cousin in childhood? will you ever do that again;60.6;2016-12-26 14:57:08
8;913;I'm 17 and I wanna date a 25 year old we both show a lot of interest and I know her in person is it ok;61.1;2016-12-17 07:51:34
8;785;Is there only one "perfect match" for each of us?;62;2016-12-25 01:26:22
8;725;Who Cheats More? Women or Men?;63.8;2016-12-26 14:56:38
8;126;My wife just became a vegetarian, is it fair to still ask her to cook me steak?;65.8;2016-12-26 11:20:11
8;203;What is the ideal family size?;66.1;2016-12-24 08:31:48
8;173;Can you keep a secret?;66.4;2016-12-25 02:40:43
8;243;My girlfriend makes this kind of mess, then asks me to put down the toilet seat?;67.3;2016-12-24 13:52:03
8;134;Would you date a cat person or a dog person?;67.7;2016-12-26 04:29:28
8;127;Is it ok to date your best friend's ex?;69.6;2016-12-26 14:00:46
8;930;Better to have a partner who's a great cook, or great in bed?;70;2016-12-25 20:34:46
8;852;Do girls like having sex?;75.3;2016-12-26 14:56:58
8;859;Is it better to have lots of good friends or one best friend?;80.3;2016-12-25 06:30:37
8;861;What's the "right age" to get married?;86.1;2016-12-26 14:57:00
8;128;Toilet seat: up or down?;90.1;2016-12-26 14:58:22
8;890;Que día voy a ir a Tuxtla ?;93.4;2016-12-23 17:32:30
8;299;My boyfriend wants an "open relationship." Should I dump him?;105.6;2016-12-24 12:07:53
8;317;What do you secretly judge people for?;105.6;2016-12-25 02:39:49
8;344;My girlfriend asked me to get a puppy, does that mean we're getting serious?;109.3;2016-12-24 09:36:34
8;644;Do you prefer boobs or butts?;136.5;2016-12-24 19:24:25
8;374;Is going from two to three kids easier then one to two?;136.7;2016-12-25 23:23:52
8;891;Can you ever trust someone after they cheat on you?;139.9;2016-12-24 03:42:56
8;607;Would you rather your first kid be a boy or a girl?;146.8;2016-12-26 03:48:10
8;876;Which threesome would you prefeer?;155.5;2016-12-26 14:57:05
8;637;Are women better drivers then men?;160.8;2016-12-26 14:56:13
8;385;Can a single parent be as effective as two?;165.2;2016-12-26 10:47:48
8;601;Who would you have sex with?;170;2016-12-22 09:50:27
8;899;After having relations with a man I was deployed with in Iraq I came back to the states and found that they might not have been broke up, what do I do now?;182.3;2016-12-20 03:14:54
8;628;Can men and women just be friends?;194.3;2016-12-26 14:56:11
8;408;Are you the type of person who...;206.6;2016-12-25 07:33:11
8;897;Girls. How many times do you expect to have sex in a happy relationship?;223.7;2016-12-24 10:44:22
8;668;Would you ever have a threesome?;240.3;2016-12-26 03:56:35
8;676;Which is more expensive, a son or a daughter?;265.2;2016-12-26 02:23:53
8;569;How fast do you recover from breaking up?;299.4;2016-12-26 04:57:21
8;699;Is sex on the first date ok?;321.5;2016-12-26 13:10:07
8;441;Is there 1 person who knows everything about you? All your secrets.;439.3;2016-12-26 04:33:04
8;850;Would you be embarassed to admit you met your significant other online?;460.7;2016-12-26 04:29:07
8;527;Would you like to proposal a girl who is elder than you (if you are a boy)------would you like to accept proposal of a boy who is younger than you(if you are a girl)?;464.6;2016-12-26 14:20:24
8;905;Who are you most envious of?;538.4;2016-12-24 20:21:45
8;686;Can long distance relationships work?;601.8;2016-12-26 14:36:38
8;537;Who do you love most?;1096.5;2016-12-26 14:45:12
8;488;Would you rather have 1 trillion dollars, or find true love?;1372.5;2016-12-26 11:40:44
8;538;Who you love most?;1381.2;2016-12-26 14:54:18
8;696;Could you date a person who lived with a roommate of the opposite sex?;1656.7;2016-12-26 15:02:41
9;1440;Who's the real sportsperson of the year in 2016;8;2016-12-26 15:01:30
9;1435;Should Grayson Allen be suspended for tripping?;12.6;2016-12-26 14:12:23
9;1434;Should college players going to the NFL sit out bowl games?;12.9;2016-12-26 14:12:32
9;1437;Best Soccer Player:Messi or Ronaldo;13;2016-12-26 14:12:12
9;1408;Who's the Super Bowl favorite now?;13.4;2016-12-26 06:51:48
9;1411;Who will be the best tennis player next year?;13.9;2016-12-25 20:04:05
9;1396;How many National Championships does Nick Saban win before he retires?;14.2;2016-12-25 16:21:13
9;1376;Who will win Super Bowl LI?;18.2;2016-12-26 01:17:52
9;1402;Can anyone beat the Cowboys?;19.2;2016-12-25 23:22:51
9;1231;Who is the better tennis player, Roger Federer or Rafa Nadal?;26.5;2016-12-24 06:46:35
9;1366;Michigan or Ohio State?;26.7;2016-12-26 02:28:50
9;1338;What side of Manchester;26.9;2016-12-26 03:52:23
9;1116;Who's your favourite MLB Team in Texas?;27;2016-12-21 20:59:08
9;1006;Should the WWE Dictators clear Daniel Bryan (Concussions) to wrestle again;28.3;2016-12-25 02:39:34
9;1005;Who rules New York;30.1;2016-12-23 03:28:03
9;1298;Who's better: Durant or Westbrook?;30.7;2016-12-24 05:39:01
9;1294;Greatest World Series of all time?;31.5;2016-12-25 23:36:34
9;1219;Who wins the Cubs - Giants Series?;32.8;2016-12-25 23:44:05
9;969;Olympic Gold Medal or NBA Championship Ring?;32.9;2016-12-20 22:46:49
9;1101;Is skateboarding cool?;34.5;2016-12-22 18:18:49
9;1251;Who is better:Messi or Ronaldo?;35.6;2016-12-26 05:42:37
9;746;Best basketball player of all time?;40.1;2016-12-25 17:14:52
9;1081;Who wins the Super Bowl?;40.8;2016-12-24 02:38:51
9;1257;Who wins the NBA MVP?;41.6;2016-12-25 02:41:12
9;51;Where are we seeing the Warriors game tonight?;42.3;2016-12-26 12:04:56
9;743;Who is better messi or cristiano ronaldo?;43;2016-12-25 17:15:09
9;28;Barcelona or Juventus?;44.3;2016-12-23 22:37:52
9;180;Best team in the NFL after 4 weeks?;44.4;2016-12-26 12:49:24
9;747;skate or BMX?;45;2016-12-24 18:25:08
9;234;Should the NCAA expand the College Football Playoff?;45.1;2016-12-24 13:52:24
9;1261;Who wins the World Series?;45.3;2016-12-26 01:59:58
9;37;Who was the greatest horse ever?;46.9;2016-12-24 18:17:15
9;29;Watching the women's world cup?;47.6;2016-12-25 11:42:20
9;89;Who will win 2015 Wimbeldon?;47.7;2016-12-24 18:18:38
9;232;Thursday Night: JAX or TEN who will win?;48;2016-12-26 12:00:14
9;117;Who will win the U.S. Open?;48.3;2016-12-23 09:33:38
9;248;Does UVA have any chance to beat VA Tech this Sat?;48.4;2016-12-24 09:28:13
9;245;Should the NFL allow European teams in the NFL?;50;2016-12-24 13:52:27
9;77;Should Sepp Blatter resign immediately;50.5;2016-12-26 11:58:41
9;197;Pats vs Jets, who wins this weekend?;50.5;2016-12-25 23:32:12
9;976;Should Ryan Lochte face jail time in Brazil?;51;2016-12-22 12:10:28
9;723;Who will take Spain's crown? Euro 2016 is down to these 4 teams:;51.3;2016-12-25 16:42:04
9;114;Who will win Super Bowl 50?;51.7;2016-12-24 18:18:58
9;719;What do you think of Kevin Durant joining the Warriors?;51.9;2016-12-26 02:36:51
9;206;What's next, Mets fans? ;52.3;2016-12-26 12:04:17
9;45;Surfing or skiing?;52.8;2016-12-25 02:36:17
9;142;Should Tom Brady have been suspended?;53;2016-12-24 05:46:03
9;829;Federer or djokovic;53.4;2016-12-25 00:31:57
9;992;Are e-sports stupid?;53.7;2016-12-26 04:27:08
9;715;Goku Vs Saitama;54.5;2016-12-25 22:32:09
9;26;Favorite Tennis Major: French, US, Australian or Wimbledon?;54.6;2016-12-25 02:40:42
9;271;Who wins the ACC - Big Ten Challenge?;54.6;2016-12-26 12:06:16
9;107;Can the Mets actually win this year?;54.8;2016-12-25 02:41:17
9;121;Who's the best running back of all time?;55.6;2016-12-24 09:08:00
9;1062;Which Game Do You Prefer Cricket or Football?;56.2;2016-12-22 15:08:11
9;151;MJ, Kobe or LeBron?;56.3;2016-12-26 05:48:20
9;83;Will DelPo come back to tennis?;56.7;2016-12-26 12:06:21
9;278;Who wins the College Football Playoff?;57.4;2016-12-24 18:20:12
9;2;What's the best sport;57.5;2016-12-09 04:27:16
9;258;More likely to go undefeated?;57.5;2016-12-26 10:47:32
9;219;Will UVa men's basketball beat GW tonight?;59.3;2016-12-26 05:44:25
9;233;Best Soccer player alive?;60.5;2016-12-26 12:49:13
9;282;Will Patrick Kane win the Hart Trophy in 2015-16?;60.7;2016-12-25 17:11:47
9;255;Worst Referees;62.2;2016-12-26 15:09:36
9;929;Is it ok to objectify male athletes?;62.7;2016-12-24 14:19:59
9;252;MVP?;64.4;2016-12-26 05:51:47
9;303;Redskins vs Eagles winner;66;2016-12-26 11:56:33
9;289;Will Jason Heyward be a bust in Chicago?;68.4;2016-12-25 08:42:00
9;327;Who's going to win tomorrow?;70.4;2016-12-24 12:28:13
9;201;Who will win the 2015 World Series?;71.5;2016-12-23 09:33:13
9;307;Who will win the CFP National Championship?;73.9;2016-12-25 02:40:45
9;302;Are the Redskins going to win the Super Bowl?;74.1;2016-12-25 19:26:57
9;1068;Nike, Adidas, Puma or Under Armour;77.9;2016-12-26 04:31:37
9;845;Liverpool fc or Manchester United? ;81.1;2016-12-21 06:06:41
9;250;Is Steph better than LeBron;81.8;2016-12-26 12:54:01
9;888;Leafs or Canadiens;83.7;2016-12-25 14:12:55
9;351;Will the 2015 Carolina Panthers go down as one of the best teams in NFL history?;91.7;2016-12-26 00:17:54
9;353;Who will be MVP of Super Bowl 50?;92.6;2016-12-25 17:18:40
9;324;Who is the best soccer player of the year 2015?;93.1;2016-12-26 04:04:54
9;614;How many majors will Djokovic win in total?;93.3;2016-12-22 16:51:36
9;939;Is Michael Phelps the greatest Olympian of all time?;93.3;2016-12-26 04:15:16
9;664;Should Dustin Johnson be penalized a stroke for the incident on the 5th hole green of US Open?;98.2;2016-12-25 11:38:13
9;337;So who wins Super Bowl 50?;98.4;2016-12-24 05:37:00
9;872;Floyd Mayweather or Conor McGregor?;99;2016-12-26 05:57:58
9;358;Who's your least favorite college team, and why is it Duke?;100.3;2016-12-24 18:21:47
9;665;Will the Warriors and Cavaliers game 7 go to overtime?;103;2016-12-23 08:14:41
9;350;Is Sunday Peyton Manning's last NFL game?;104.1;2016-12-24 09:32:53
9;654;Will Federer win Wimbledon?;106.6;2016-12-26 14:56:21
9;391;Who will win the NCAA tournament?;107.8;2016-12-24 18:23:51
9;343;Who's a better coach: Bear Bryant or Nick Saban?;108.2;2016-12-24 22:42:15
9;355;Is the criticism of Cam Newton racist?;123.4;2016-12-26 11:27:52
9;370;Is Lebron James coachable? ;123.6;2016-12-24 04:30:30
9;608;How will you remember Muhammad Ali?;130.3;2016-12-26 14:56:06
9;346;Is it more important for kids to learn sportsmanship or skills?;134;2016-12-26 10:18:55
9;653;Is an athlete who uses steroids (PEDs) cheating?;134.1;2016-12-26 14:56:19
9;907;Who is best: Messi or Ronaldo?;134.3;2016-12-25 01:41:47
9;402;Who wins the NCAA Tournament?;136.2;2016-12-26 11:41:23
9;1085;Should NFL players be forced to stand for the National Anthem?;142.5;2016-12-23 01:44:38
9;666;What does this title mean for LeBron's legacy?;155;2016-12-24 05:54:13
9;414;Who's worse... ?;155.5;2016-12-26 11:53:21
9;416;Should something be done to prevent UConn's women's basketball team from winning everything all the time?;160.5;2016-12-26 12:45:28
9;357;Where does Kevin Durant play next year?;165.3;2016-12-26 11:28:31
9;940;Would you swim in the Olympic pool that mysteriously turned green?;168.2;2016-12-25 23:22:05
9;419;Is Jordan Spieth's Masters collapse the biggest choke of all time?;170.8;2016-12-25 02:40:08
9;214;Should the Russians be banned from the 2016 Olympics for steroids?;183.2;2016-12-23 16:39:43
9;678;Will the Knicks regret the Derrick Rose trade?;183.9;2016-12-25 18:25:38
9;667;should i go to the gym;188.3;2016-12-26 04:42:34
9;422;Will the Warriors 73 wins record ever be broken?;192.4;2016-12-25 21:16:28
9;558;Can the Warriors bounce back?;198.8;2016-12-26 08:20:49
9;430;It's early but who leads the Conn Smythe "watch" list?;199.5;2016-12-25 02:37:07
9;418;Are you offended by Bomani Jones' "Caucasians" shirt?;209.1;2016-12-25 02:40:42
9;429;Who wins the NBA title?;210.6;2016-12-26 05:47:47
9;506;Where will Kevin Durant end up next season?;211.4;2016-12-25 05:54:20
9;423;Is Kobe's 60 point game the greatest finale of all time?;212.1;2016-12-26 12:45:36
9;508;Is LeBron being a sour grape or just the asshole that he is? ;219.2;2016-12-26 11:55:42
9;507;Hate him or Love him?;227.9;2016-12-26 11:53:57
9;679;Do you agree with Ben Affleck on Deflategate?;232.6;2016-12-26 04:16:40
9;541;Does Brady Murray have a good serve?;258.4;2016-12-26 05:05:13
9;578;Who wins the Champions League final?;286.9;2016-12-26 02:01:27
9;577;biggest sporting event: Champions League final vs. The Super Bowl?;316.2;2016-12-26 02:01:52
9;903;Are you excited for the Olympics?;324.4;2016-12-25 02:37:07
9;658;Will a woman ever be good enough to play in the NBA?;354.6;2016-12-26 14:56:24
9;579;Should College Athletes be paid?;355.2;2016-12-26 02:01:10
9;586;Who wins game 7 of the Western Conference Final?;415.6;2016-12-26 14:56:03
9;529;Who wins the NBA Championship?;457.9;2016-12-26 14:19:50
9;532;Define "Valuable";588.4;2016-12-26 14:19:13
9;590;Who you got?;669.4;2016-12-26 04:07:10
9;533;Today's God: Ronaldo or Messi?;699.5;2016-12-26 14:19:06
9;482;Chicago Cubs: Is this finally the year?;786.3;2016-12-26 05:25:45
9;592;Warriors or Cavs, who wins the NBA Finals?;1000.9;2016-12-26 15:22:19
9;593;Would you let your child play football?;1293.5;2016-12-26 15:22:08
9;596;Who's the worst announcer in sports?;20500.5;2016-12-26 15:33:47
10;1372;Scarves: yeah or nay?;20.9;2016-12-25 16:22:48
10;1380;Left/right?;21.4;2016-12-25 17:04:38
10;1165;What shoe brand is the best?;36.4;2016-12-26 07:04:54
10;1123;Worst dressed at the Emmys?;36.9;2016-12-25 20:30:23
10;1217;Yoga pants or jeans?;37.2;2016-12-25 17:10:55
10;1084;Ladies: prefer guys with a beard or clean shaven?;43.1;2016-12-26 04:19:40
10;136;Who is your favorite new designer from NY Fashion week 2015?;44.3;2016-12-23 21:59:49
10;1310;Should I wear Nike Air Uptempo's for Thanksgiving or Jordan Bred 11s?;47.2;2016-12-26 08:59:11
10;781;Strictly in sneakers, what do you prefer?;48.7;2016-12-24 13:11:24
10;146;Who won the Emmy Red Carpet?;50.5;2016-12-21 07:24:31
10;222;Best slippers;54.6;2016-12-26 12:49:06
10;124;Favorite designer?;54.9;2016-12-25 17:12:42
10;137;Would you wear a Givenchy designer mask?;54.9;2016-12-26 06:26:02
10;123;Greatest fashion icon of all time?;55.1;2016-12-26 04:30:15
10;129;Pencil Skirt?;59;2016-12-17 14:38:10
10;1122;What's the hottest costume theme this Halloween?;59.3;2016-12-25 04:08:48
10;156;Why do hipsters wear plaid?;60.2;2016-12-25 20:17:44
10;710;Guys: do you 'man-scape'?;60.8;2016-12-25 07:39:34
10;841;Would you rather have $50 or get kicked in the dick?;81.6;2016-12-25 07:52:01
10;868;Are earrings on men still cool?;101.7;2016-12-24 02:25:54
10;889;Muscular or dad bod?;111.1;2016-12-22 12:06:02
10;883;Which hair color is sexier?;120.5;2016-12-24 00:01:50
10;369;Who won the Grammys red carpet?;123.8;2016-12-24 23:43:17
10;603;Clean or dirty kicks?;126;2016-12-26 03:49:30
10;646;Would you rather be overdressed or underdressed?;137.6;2016-12-26 01:08:14
10;598;I got a Doctor Who shirt from shirtpunch, can anyone tell me who it is?;152.3;2016-12-25 02:40:41
10;405;How do you know what size to buy when shopping for clothes online?;159;2016-12-26 09:38:48
10;465;Which dress is better looking? This is for my final year in high school ball.;393.5;2016-12-26 12:58:37
10;461;Is Ezekiel Elliot's "crop top" the worst draft day look of all time?;447.2;2016-12-26 03:56:25
10;478;Best men's shopping today?;500.5;2016-12-26 12:48:59
10;456;Who wore it better?;813.5;2016-12-26 04:28:24
10;595;Favorite luxury brand?;3863;2016-12-26 15:21:52
11;1415;Do you prefer to shop for clothes online or in person?;20.7;2016-12-26 05:41:54
11;1355;Mustang or Camaro?;25;2016-12-25 22:17:01
11;1185;Are you a Loyalty Program User?;25.3;2016-12-24 08:32:08
11;1108;What kind of toothpaste do you buy?;31.6;2016-12-22 08:15:25
11;1367;What should I buy?;35.7;2016-12-26 15:18:43
11;1135;Ford or Chevy?;42.6;2016-12-26 05:42:25
11;202;Which vinyl classic should I get next?;47.3;2016-12-24 18:11:50
11;1199;Will you buy the Google Pixel phone?;51;2016-12-24 08:55:21
11;251;Who's buying the new Leica M? ;52.8;2016-12-24 18:21:27
11;221;Most ecologically sensitive flooring?;54;2016-12-25 17:12:15
11;31;Will you buy an Apple Watch?;54.9;2016-12-24 13:11:33
11;954;which is better?;58;2016-12-24 08:44:50
11;91;What is your dream car?;65.7;2016-12-24 17:10:46
11;277;Grown or manufactured?;80.8;2016-12-24 19:17:36
11;295;Costco or Sams Club?;90.7;2016-12-25 20:18:56
11;274;Is Microsoft's holiday ad crass or charming?;102.1;2016-12-24 09:32:36
11;874;Motorola or Samsung mobiles?;106.9;2016-12-22 09:13:43
11;873;Audi, BMW or Mercedes?;111.7;2016-12-25 17:13:25
11;409;Is the Tesla Model 3 the electric car that goes mainstream?;220;2016-12-26 12:54:20
11;434;Would you buy an Apple car?;359.4;2016-12-26 12:45:54
11;1070;Will you buy the iPhone 7 even though it has no headphone jack?;918;2016-12-23 13:40:43
11;496;Best truck?;1981.9;2016-12-26 15:30:17
