id,question,trending_score
1431,Is "Star Wars Battlefront: X-Wing VR Mission" a timed exclusive to PS4 or will it not see the light of day on other platforms?,6
1425,Battlefield 1 vs Call of Duty,6.1
1435,Should Grayson Allen be suspended for tripping?,6.1
1433,Do you prefer train, plane, bus or boat?,6.2
1430,If your boyfriend says (That your going to find another guy with money to buy you a puppy is he calling you a ho/gold digger?,6.7
1434,Should college players going to the NFL sit out bowl games?,7.6
1423,Which tv show is the best?,9.1
1432,Is it ok to post revealing photos if your face can't be seen?,9.4
1429,Have you ever been in a relationship that lasted more than 3 years?,10
1417,What is the best Tim Burton movie?,10.6
1421,Whom do you save if one of them is going to die?,11.3
1418,whats your favorite movie,11.6
1408,Who's the Super Bowl favorite now?,12.1
1411,Who will be the best tennis player next year?,12.3
1396,How many National Championships does Nick Saban win before he retires?,13.3
1398,What do you do when your buttocks hurts and your truck driver, you need to be fixed by surgery but bills have to be paid?,13.7
1416,What messaging app do you use?,13.7
1407,Is Starboy the album of the year?,13.8
1409,Do labor unions do more harm than good?,15.2
1414,Ladies: Do you prefer a pretty man or a rough one?,15.3
1404,Who is the best PM?,15.4
1406,Which is your favourite singer/rapper among these?,15.8
1370,Which is the best nu metal band?!,15.9
1388,Better to be really tall or really short?,16.5
1391,Favorite main character in Pokémon Sun/Moon?,16.5
1363,So I took 6 pregnancy test over the last 3 weeks and 4 were negative and 2 were positive, not were taken in the morning, all in the middle of the day or at night, what should I think? Is there such thing as false positives?,17.1
1375,What animal do you follow the most of on Instagram?,17.2
1376,Who will win Super Bowl LI?,17.2
1413,Will you see Rogue One opening weekend?,17.2
1415,Do you prefer to shop for clothes online or in person?,17.2
1410,Is it Okay to bring your children to business meetings?,17.3
1387,What space movie are you most excited for?,17.6
1393,What Holiday Is The Best,17.6
1412,Who do you love more, your Mom or your Dad?,17.6
1382,Gta 5 or watch dogs 2,17.7
1390,Imo or skype??,17.7
1419,Do you like Christmas music?,17.7
1402,Can anyone beat the Cowboys?,18.1
1364,Which Undertale boss fight is the worst?,18.2
1405,What Is The Best Gaming Device ,18.4
1392,Which gen7 Pokemon game did you buy?,18.5
1381,Who is the best side kick of Batman?,18.6
1372,Scarves: yeah or nay?,19.4
1394,School,19.4
1401,Which is your favourite marvel character?,19.6
1377,Lesbians:would you date a girl who used to be a boy?,19.7
1369,Who is cuter?,19.8
1380,Left/right?,20.1
1397,Should there be a maximum wage?,21
1347,Best Dragonball Villan,21.3
1359,Which should the U.S government focus on more?,21.4
1383,Windows vs Apple macbook for gaming,21.6
1395,Are you excited for Super Mario Run?,21.6
1169,How does calcitriol when present in excess act as hypercalcemic hormone? Reactions or process?,21.6
1341,I like to use my phone for modding apps, should I get an Android or an iPhone? (Would either be S6/7 or 6s),21.7
1373,City or country?,21.7
1379,best movie in marvel cinematic universe,21.7
1229,do you think that they are gonna make another This is england sequel?,21.8
1389,Best anime show from these 4?,21.9
1371,who is best characters in mcu,22.1
1339,Which is a better catchphrase?,22.2
1356,Will there be another communist revolution?,22.2
1340,Megadeth or Metallica?,22.4
1348,Most Rage inducing overwatch character,22.7
1403,Best Spider-Man?,22.8
968,The Perks or Brumby?,22.9
1384,Do you fold your pizza?,23.1
1355,Mustang or Camaro?,23.2
1399,Do you believe Russian hackers changed the outcome of the US election?,23.2
1342,Am I pregnant,23.6
1386,Who would win between Thanos,  Apocalypse and Darkseid? ,23.7
1365,will i finish my book?,23.8
1344,Overwatch or Team Fortress 2,23.9
1378,Big dogs or little dogs?,23.9
1036,What Size of Skateboard - for someone with size 10.5 feet,24
1374,god is real?,24.1
1090,What is John Wayne's best Movie?,24.2
1175,Facebook,24.2
1353,Should a teenager who is in college, has a minimum wage job, pays for his own car (insurance and gas), his own phone, and his own food, still have to contribute to a household such as pay to feed the whole family and his sisters phone bill?,24.3
1197,Is canada better than us for post graduate and mba programmes?,24.4
1335,Are tarantulas intelligent?,24.5
1095,After seeing "Sully", I wonder if there has ever been a successful dead stick landing of a commercial flight on a runway?  Not a controlled crash, but a smooth damage free landing as depicted in the simulator sequence.,24.5
1204,Which track would you most like to see added to Real Racing 3?,24.6
1362,what color is "earth"? (the element earth),24.9
1185,Are you a Loyalty Program User?,25
1349,Best Marvel Guy,25.1
1358,Thoughts on gun control,25.2
1360,Truth or Dare?,25.4
1338,What side of Manchester,25.7
1366,Michigan or Ohio State?,25.8
1422,Who lies more, men or women?,25.8
1290,Porsche 918, LaFerrari or McLaren P1 ?,25.9
1087,Whose Arcana do you really want?,26
1107,Do you want to see the winter soldier again with both of his arms,26.2
1231,Who is the better tennis player, Roger Federer or Rafa Nadal?,26.2
1328,Now that's gonna be tough! Chandler or Joey,26.4
1130,Which has better movies bollywood vs hollywood,26.4
1190,Filthy Frank or Pink Guy?,26.4
1208,What platform should Traffic and Copy expand to next?,26.4
1345,Best Legendary Pokémon Rayquaza, Mewtwo, Arceus.,26.5
1337,God or Lucifer?,26.6
1361,How much do you tip in a restaurant?,26.6
1171,What is name?,26.8
1180,How would you rank Fox News?,26.8
1350,Best Cat,26.9
1368,Would you rather your girl cheat on you with another girl or a guy?,26.9
1116,Who's your favourite MLB Team in Texas?,27
1198,Final Cut Pro or avid?best software?,27
1003,How did you like HP and the Cursed Child?,27.1
1163,Giant Douche or Turd Sandwich?,27.2
1357,Best cookie?,27.4
994,Should I customise my light scooter,27.8
1188,Which one is best breakfast?,28.1
1006,Should the WWE Dictators clear Daniel Bryan (Concussions) to wrestle again,28.1
1354,Is healthcare a basic human right?,28.2
1295,Who is better,28.3
1263,Should skylander imaginators Be out in halloween?,28.5
1346,Worst thing that happened in 2016,28.6
1131,Who is best actor salman khan vs srk,28.6
1154,How many licks does it take to get to the center of the tootsie pop????,28.6
1166,Are you excited to see Alec Baldwin as Trump?,28.8
1099,Is Sully a good movie,28.9
1195,I have an offer ipad mini 32gb rs15500 ,iphone 5s 16000..so help me which one??????????,28.9
1250,Who should be the new character for red dead redemption,29
1322,You can't be serious?!?,29.2
1343,Are you over the mannequin challenge?,29.2
1234,Deepika Padukone or Priyanka Chopra,29.2
1330,Will we have a World President in the future?,29.4
1242,Which game do you like most among supercell's games?,29.4
1129,Does humans are evolved from apes?,29.5
1179,Is Indian Primeminister Mr.Narendra Modi doing well with the country?,29.5
1334,Can short hair be pretty if you have the right face for it?,29.6
1196,Which is the best boyband in whole world you think?,29.8
1216,Who Do you think is better,29.8
1005,Who rules New York,30
1298,Who's better: Durant or Westbrook?,30.1
923,Will this hair work for box braids,30.1
1105,Did you have a period in your life where you were obsessed with the titanic?,30.3
1110,Should the US start the political race over with new candidates?,30.3
1270,Should Spain allow Russian warships bound for Syria to use it's ports to refuel?,30.3
1030,which field is best one for engineering career software or hardware,30.4
1243,For Entertainment, A Cable T.V Connection or Internet Connection?,30.5
1333,Does the US spend too much on the military?,30.6
1352,Are homosexuals born or made?,30.6
789,Is it dumb to name my business BFX after my initials?,30.7
1304,Do you like playing giant robot games?,30.7
813,Taylor or kanye , who''ll win?????,30.9
1294,Greatest World Series of all time?,31
827,Bonnie or Maxine,31
1189,What is the best profession?,31
1205,Who would win if there is a war between india and pakisthan?,31.1
1103,Why do people print wedding menus when you know what you are getting for dinner? ,31.2
1201,whos better ,31.2
1332,Android or ios ?,31.3
1091,What special event is your favorite,31.3
1326,What's better Play Station 4 or Xbox 360?,31.4
826,What is your favourite Dolly Parton movie,31.4
1108,What kind of toothpaste do you buy?,31.6
1167,What is better?,31.7
1239,Who would win? Batman or Wolverine?,31.7
1274,Which edible oil is more nutritious?,31.7
1285,Jammu & Kashmir belongs to?,31.8
1127,Will Donald Trump bail on the debate against Hillary?,32.1
1219,Who wins the Cubs - Giants Series?,32.2
1106,Zyan Malik Or Harry Styles,32.4
1327,Now that it's back on sale, will you buy an NES Classic?,32.5
1331,What comes first a chicken or an egg ?,32.5
1092,Is islam the religion of peace?,32.6
1097,Who's your favorite?,32.6
1089,Should feminine products be free or tax free?,32.7
1291,Tintin or Asterix?,32.8
1293,New MacBook Pro or Surface Studio?,32.9
1191,What team are you in?,32.9
1223,should  Zootopia 2 get made or should a zootopia tv series be made ?,32.9
969,Olympic Gold Medal or NBA Championship Ring?,32.9
1182,Do you check out your work after you shit?,33
982,Who is the best women's wrestler,33
815,BOTDF??,33.1
1126,Can I get a job in marvel studios ? And how ?,33.1
1325,Is it bad to use ur  smart phone while charging it,33.2
1042,Should Dilma Rousseff have been removed as President of Brazil?,33.3
1301,Battlefield 1 or COD: Infinite Warfare (+ COD 4 Remaster),33.3
1152,is there should be a war between India and Pakistan?,33.3
1200,Who won the vice presidential debate?,33.4
1230,Does Bob Dylan deserve the Nobel Prize for literature?,33.4
811,Filthyfrank or suicide?,33.5
1329,More afraid of aliens, zombies or clowns?,33.5
1079,Banda favorita,33.5
1117,Who is the hottest female Pornstar of 2016,33.5
1132,Would you marry someone who has been married 4 times?,33.5
1183,Are you a Jehovah Witness?,33.5
1017,Which Color would you choose? pt.1,33.5
1124,Which would you choose?,33.6
1033,Is Pearl Jam a better band than Nirvana?,33.8
1056,Does your employer expect you to work after hours?,33.8
1265,Are self-help books a waste of time?,33.8
1143,Do other people's feet freak you out?,33.9
1158,What is your favorite anime?,33.9
1367,What should I buy?,34.1
1161,is mayonnaise an instrument?? ,34.1
1149,If there are aliens, would they also worship the supreme being?,34.2
974,Did you know the Lumia 950 included the retina scanner before Samsung?,34.2
754,Favorite LOZ Majora's Mask Boss?,34.2
1021,True of False: The only real privilege is economic privilege?,34.2
1240,Which one ?batman dark knight or inception ?,34.3
1026,Java or JavaScript, which is better?,34.4
1101,Is skateboarding cool?,34.5
1305,Whats better Sao or Aot,34.6
1118,Iphone 7 or Iphone 7+,34.6
1292,How many cups of coffee do you drink a day?,34.7
1236,Is Ken Bone the best hope for America?,34.9
1251,Who is better:Messi or Ronaldo?,34.9
1022,Should EpiPens be free?,34.9
1296,What technique do you use at the urinal?,35
1128,who is richest and powerfull among bruce wayne and tony stark?,35
823,Which American Horror Story do you like the most?,35.1
1351,What is the most attractive hair color ,35.1
998,Should I stay or should I go,35.3
810,Filthyfrank or cancer?,35.5
1156,This image makes me... ?,35.5
1280,Will Titanfall 2 be the game of the year?,35.6
1054,Is this true..??,35.6
1148,Hallelujah?,35.7
1168,Wolverine has a blade coming out of all five of his fingers.?,35.7
1307,Which is the best gangster movie?,35.8
1271,Who's to blame for the heroine epidemic?,35.8
1202,which is better fallout or skyrim,35.9
1165,What shoe brand is the best?,36
1249,Are you ok with Bob Dylan winning the Nobel prize?,36
1288,Oprah or Ellen?,36.1
961,Sans or Papyrus??,36.1
1080,clash of clans or clash royale which is a time killer?,36.2
779,¿muscle, sport or classic? (i prefer classic),36.4
967,Which Cw DC series is your favorite? ,36.4
1123,Worst dressed at the Emmys?,36.5
1125,Give up sugar or give up your phone?,36.5
1267,iPhone7: Awesome or Bust,36.5
1016,Is a college degree a waste of money?,36.5
1051,Which South American city would you like to visit first?,36.6
1217,Yoga pants or jeans?,36.6
1209,Do you trust mainstream media?,36.8
1211,do you care who i am,36.8
970,Who's more important: police officers or fire fighters?,36.8
1213,Is this latest recording the thing that sinks Trump?,36.9
1244,French fries or Popcorn?,36.9
1053,Do you consider yourself to be Happy?,37.2
924,Which anime is better?,37.2
996,Marvel's Iron Man or DC's Batman?,37.2
1266,Kettle corn, Caramel corn or regular Popcorn?,37.2
1073,Who is the best hip-hop artist of the current generation?,37.3
1233,Which is best Luxury Car brand,37.3
1038,Who is the best Friends character?,37.4
1186,For men , Short Hair or Long Hair?,37.5
959,Is the Lumia Camera still the Best?,37.5
1225,Which starter will you pick?,37.5
946,Is Hamas a terrorist organization?,37.7
986,How many boyfriends you have had? (Honestly),37.7
1102,Are you racist,37.9
1215,what game is better,38
1114,If Hillary Clinton was too sick, what Democrat would you prefer?,38.1
805,Which group poses the greatest threat to civilized society?,38.2
1115,Do you have A Dragonite in Pokemon Go?,38.2
1176,WIll you watch Luke Cage?,38.2
1287,Should I buy Battlefield 1 or GTA V  (PS4)?,38.3
1299,Do you identify as Feminist?,38.3
1302,Favorite F.R.I.E.N.D.S. male character?,38.3
1174,Should Obama say "Islamic Terrorist" ?,38.3
1015,Who should be president?,38.3
1319,Should Yoshi be classed as a Pokemon,38.4
1237,Which one is better?,38.4
1245,What's better, chicken or porn,38.4
1029,Halo or Dead Space ,38.5
1224,Should the Guantanamo Bay Prison be closed?,38.5
752,Favorite Walking Dead Character?,38.5
1133,Yoga or Gym?,38.6
1259,Should charmander be friends with litten?,38.7
792,which one is better ?,38.9
1076,Should Obama stop the Dakota pipeline?,39
1082,Do you believe in global warming?,39.1
1004,Who is faster ?,39.1
770,which of these guys if your favorite?,39.2
949,If you could mug JK Rowling...,39.2
978,Who is better Flash or Shazam?,39.2
1050,Never use the Internet again or make your entire browser history public?,39.3
1206,Is global warming making hurricanes worse?,39.3
778,Will 2016 be remembered as the beginning of the end of civilization as we know it?,39.4
1057,Are we human or dancer,39.4
1083,Would you have given your life to save Harambe?,39.5
1098,Which Band is better?,39.5
1100,Would you rather be rich or famous?,39.5
746,Best basketball player of all time?,39.5
1075,Who is more sacred?,39.6
963,Which Flash is the best?,39.6
1281,Chocolate or Caramel?,39.9
1047,Is Donald Trump's new hat offensive or just ridiculous?,39.9
1172,Do you use Tinder?,39.9
1181,Who is better, Katy Perry or Taylor Swift?,39.9
960,Do you think the Russian Government is hacking the US Democratic Party?,39.9
981,What should I do with old CDs that I burned to digital?,39.9
1162,Jolie vs Aniston,40
971,Which new Mozilla logo do you like best?,40
1248,Would you get a tattoo,40
1268,How corrupt is your government?,40
1144,Who will win: Black widow or Harley Quinn?,40.1
1247,Is the 3rd world war coming?,40.1
1260,Would you rather eat cat or dog?,40.2
1000,Skittles, M&M's or Reese's Pieces,40.3
753,Favorite Hobbit?,40.3
1121,Bath or shower?,40.5
1081,Who wins the Super Bowl?,40.6
1170,Pizza or Burger?,40.7
1013,Having a relationship with someone for the money is the same as prostitution?,40.7
787,Do you enjoy puns?,40.8
1045,does true love exist?,40.8
1257,Who wins the NBA MVP?,40.8
1308,If peanut butter was a plant would it be a fruit or a vegetable,40.9
921,Kate McKinnon or Chris Hemsworth?,40.9
1220,What movie do you like better?,40.9
782,Who is better Messi or CR7,41
1074,Do you prefer paid apps/games or free apps/games with in-app purchases?,41
966,Do you wipe your ass from the front or from the behind,41
1135,Ford or Chevy?,41.1
1258,Onions, garlic or neither?,41.1
1278,Would you eat a venison burger from Arby's?,41.1
812,Who would Jesus bomb?,41.2
51,Where are we seeing the Warriors game tonight?,41.2
1157,Who won the first debate?,41.3
1137,Do you stalk your ex on social media?,41.4
1282,What is better Jurassic Park or Star Wars,41.5
1094,What is the minimum number of hours of sleep a teenager needs ?,41.5
926,Who is more powerful,41.5
712,What's your favorite carnival food?,41.5
1269,China or India,41.5
1018,Which Color would you choose? pt.2,41.5
769,Do you use the toilet seat covers in public restrooms?,41.6
1323,Ariana Grande or Selena Gomez?,41.7
1111,Is Beyoncé overrated?,41.7
1207,Pepsi or Coca-Cola,41.7
1104,Is Pokemon Cool??????????,42
1139,What is the square root of 9?,42
950,Do you like hugs?,42
1077,MORTAL KOMBAT OR STREET FIGHTER,42.1
1187,Favorite Pokémon region?,42.1
1192,Let's do this.... Harry Potter or POTC,42.1
739,Caribou Coffee or Starbucks?,42.1
756,Favorite Gaming Company,42.1
1275,Would you rather have a Pool or a Hot Tub?,42.1
1193,Do you still play Pokémon Go?,42.2
1210,Will you let your partner have your phone unlocked ?,42.2
1031,Hardcore or softcore?,42.3
1008,is 3rd eye a real fact,42.3
164,What common household item is your biggest source of despair?,42.4
1194,Who is the best legendary bird Pokemon?,42.4
734,iPhone 5s not supported give me suggestions,42.4
1109,Who's your favorite Harry Potter character?,42.5
1052,Money or family,42.7
1119,What school subject do you hate?,42.8
1164,Do you believe the rumors that Trump and Hillary had an affair in the 90's?,42.8
1241,Trump or clinton,42.8
743,Who is better messi or cristiano ronaldo?,42.8
1303,Which is your favorite city?,42.9
716,Newest super sayian or oldest super sayian?,42.9
1252,If you could bring one of them back for one more song who would it be??,42.9
814,Rock music?,43
820,Do you think the rat kids are cool?,43
1084,Ladies: prefer guys with a beard or clean shaven?,43
1096,Which country would you visit?,43.1
917,I'm buying a new guitar. Which one for progressive metal?,43.1
1177,Which is better ?,43.1
1178,Which is a better country ?,43.1
1055,Do you prefer books or movies?,43.2
1184,Would you watch Trump's porn movie?,43.3
180,Best team in the NFL after 4 weeks?,43.3
228,What's your favorite wine tasting destination in California?,43.3
1306,Eminem vs. Sean Paul,43.4
714,Led Zeppelin or The Beatles?,43.4
1088,Is too much screen time hurting our kids?,43.5
136,Who is your favorite new designer from NY Fashion week 2015?,43.5
1254,Windows OS or Mac OS?,43.5
1264,Do you still watch The Walking Dead?,43.5
774,What one factor affects your sleep most?,43.6
1034,God v/s Satan?,43.6
1049,What's more important the journey or the destination?,43.6
1134,Condom before sex?,43.6
1159,Who came first?,43.7
1028,Goku or superman,44
1153,What is better,44
1286,Is it weird to not want to get married and have kids?,44.1
720,Cual es la mejor serie?,44.1
28,Barcelona or Juventus?,44.2
1276,Is Halloween the best holiday?,44.2
1203,Which game will you get?,44.3
1035,Have you a GF or BF,44.4
139,Is this the year Jon Hamm finally wins an Emmy?,44.4
1273,Is it ok for a woman to propose to a man?,44.4
1145,Guy or girl?,44.5
979,¿Emoji or :v?,44.5
980,Straight, Yaoi, Yuri or All?,44.5
1014,Where would you like to live?,44.5
1284,Are dogs smarter than cats?,44.6
824,Who did a better portrayal of Sherlock Holmes ?,44.6
1093,Which is better? (Android or iOS),44.6
1142,Are you a lover or a fighter?,44.6
726,Which Pevensie is the best?,44.6
731,The Best Lord of the Rings Character?,44.6
1001,Would you date someone shorter than you?,44.6
973,Choose one film you would watch without reading reviews,44.7
747,skate or BMX?,44.7
1024,Is the conspiracy dude theory on eminem real?,44.8
821,Electro music?,44.8
1246,Netflix, Hulu or Amazon Prime?,44.8
1261,Who wins the World Series?,44.8
234,Should the NCAA expand the College Football Playoff?,44.9
1289,Who did you learn about sex from?,45
816,Melania or Bill?,45
944,Do you want to be less engaged with your family?,45
759,Scarier to be buried in Spiders or Snakes?,45
1120,Would you let your partner look through your phone?,45.1
741,Windows or Mac OS,45.1
775,What element are you?,45.2
1226,What team are you on?,45.2
44,What is your favorite sushi to eat?,45.3
1212,do u still like clowns,45.3
1255,Do you choose a partner based on looks or personality?,45.3
1002,which one is more delicious? ,45.3
65,What's the best way to learn User Interface Design?,45.6
1078,Which would you prefer for a first date?,45.9
951,Can you read in your dreams? ,45.9
1009,Troublemaker or Peacemaker?,45.9
771,Do women in India have more legal rights than they deserve????,46
1039,Are artists who die young overrated?,46
795,Freedom of speech?,46.1
807,Which Lives Matter?,46.1
975,Should genetic engineering of humans be outlawed?,46.1
37,Who was the greatest horse ever?,46.2
948,black vs white,46.2
729,Do you prefer to stand out from the crowd, or blend in?,46.2
1277,Will you miss Vine?,46.2
798,Is it dumb to think of your ex when you have been betrayed by them?,46.3
231,Is Charlie Sheen a victim of blackmail?,46.3
744,When should I eat my sandwich?,46.4
1300,Girls like to date short guys or tall? ,46.5
202,Which vinyl classic should I get next?,46.5
1310,Should I wear Nike Air Uptempo's for Thanksgiving or Jordan Bred 11s?,46.6
1324,Who's your Presidential candidate for 2020?,46.6
1214,Which store do you prefer to shop at?,46.6
1032,R.I.P.,46.8
991,Would you pay for sex?,46.8
1320,Are we fucked?,46.9
1173,what superpower would you like to have?,46.9
780,What's the correct pronunciation of Tomato? Is it pronounced as Tomato or Tomato?,47
809,Why are Americans so stupid?,47
89,Who will win 2015 Wimbeldon?,47.1
1227,Deadpool or Wolverine?,47.1
1138,Should Wells Fargo CEO John Stumpf go to jail?,47.2
943,Which religion do you like better?,47.3
232,Thursday Night: JAX or TEN who will win?,47.3
791,Guacamole or Salsa?,47.4
29,Watching the women's world cup?,47.4
141,Who's the greatest guitarist of all time?,47.5
1256,Should hunting animals be banned?,47.5
763,Do you check your phone after Bed.,47.5
36,Should we build maglev trains?,47.6
158,Which is the best pizza in San Francisco?,47.6
16,What's your favorite beer style?,47.7
1140,who is the best,47.7
748,can you forget the memories of your ex?,47.7
1318,Is transexuality healthy?,47.8
1146,What's better grapes or strawberries,47.8
1058,F.R.I.E.N.D.S. OR SEINFELD?,47.9
750,What do you think about ios.,48
117,Who will win the U.S. Open?,48.1
140,Should the Sneaky Pete pilot on Amazon get picked up?,48.2
248,Does UVA have any chance to beat VA Tech this Sat?,48.2
730,Which Game of Thrones Character is the Best?,48.3
993,who is better, marvel or dc?,48.3
781,Strictly in sneakers, what do you prefer?,48.4
742,Which is truly better,Mac os or Windows,48.4
41,What is your favorite pie?,48.5
265,Should Notre Dame be in the top 4?,48.6
227,Who will be the next hot celebrity couple?,48.6
964,Have you ever switched from android to iPhone?,48.7
988,Do you speak English or Spanish?,48.7
755,yes or no?,48.7
230,Christmas decorating before Thanksgiving,48.8
1007,Captain America vs Batman,48.8
732,Which is the Best 3D Zelda Game?,48.9
962,Should prostitution be legal?,49
1040,How would you respond if your ex wanted to get back together?,49.1
788,Which ones the best: Interstellar or Inception?,49.1
1059,What is life?,49.3
786,Can you truly love animals if you're not a vegetarian?,49.4
1141,Are brownies a breakfast food? ,49.4
1112,Is the word "retard" offensive?,49.7
1221,Should the government ban porn or not?,49.7
259,Iron bowl winner?,49.8
1044,How many countries you've been to??,49.8
794,Which is the best superhero without superpowers,49.8
933,Should Israel be a state?,49.8
717,Which is the best sport (that's doesn't contain balls in them),49.8
245,Should the NFL allow European teams in the NFL?,49.8
1011,DID YOU MASTURBATE TODAY?,50
1067,Which soccer game do you love? ,50.1
77,Should Sepp Blatter resign immediately,50.1
935,What should I write a book about,50.1
945,What time do you wake up in the morning?,50.1
713,What's your favorite part of the 4th of July?,50.1
197,Pats vs Jets, who wins this weekend?,50.2
793,Would you date someone in a wheelchair?,50.3
808,If poison reaches it's expiry date will it become more poisonous or less poisonous...?????????,50.3
48,Will Apple Music kill Spotify?,50.3
163,How gnarly is this wave?,50.3
972,Harambe for president?,50.3
718,What is the best Super Smash Bros version?,50.3
42,What is your favorite form element?,50.4
38,What's best on the grill for July 4?,50.5
146,Who won the Emmy Red Carpet?,50.5
268,Wahoos or Hokies today?,50.6
955,pakistan is a terrorist nation?,50.6
1199,Will you buy the Google Pixel phone?,50.7
757,Is Love Overrated?,50.7
800,Which os is better in secure in  personal data ? iOS or android?,50.8
162,Does the Internet contain the answers to all of life's most important questions?,50.8
723,Who will take Spain's crown? Euro 2016 is down to these 4 teams:,50.8
1041,do you wear socks at sex time?,50.9
125,What's in your ultimate comfy bed?,50.9
206,What's next, Mets fans? ,51
976,Should Ryan Lochte face jail time in Brazil?,51
749,What color are your eyes?,51
114,Who will win Super Bowl 50?,51.1
144,Will humans ever land on Mars?,51.1
192,Who is your favorite Star Wars character?,51.1
43,Who is your favorite sci-fi writer?,51.2
177,Do you hide your self-help books when friends come over?,51.2
261,TCU or Baylor tonight?,51.3
198,What do you think of electric skateboards?,51.3
855,Whos better sam or dean,51.4
1113,What decade had the best MUSIC?,51.4
773,Tomboy or Girly-Girl?,51.5
235,Should 1 day fantasy gambling apps be banned?,51.5
154,Why does the caged bird sing?,51.6
985,Blondes or brunettes?,51.6
931,Do you consider a happy or depressed person?,51.7
719,What do you think of Kevin Durant joining the Warriors?,51.8
822,you are not gay, but have You ever felt attraction for a same sex friend of yours?,51.9
995,Would you rather be able to change the past or see the future?,52
1309,If your whole life was a dream, would you like to,52.2
1086,Dragon ball z or Pokemon,52.2
74,Do you agree with the Dominique Strauss-Kahn verdict?,52.2
183,The Blue Angels are... ?,52.2
45,Surfing or skiing?,52.4
109,Will the new Fable be any good?,52.4
27,May the force be with who?,52.5
181,Do you whip/nae nae?,52.5
768,Scarlett Johansson Or Megan Fox?,52.6
983,The best people in the US are from the... ?,52.6
251,Who's buying the new Leica M? ,52.6
32,Who is your favorite Game of Thrones character?,52.7
49,New York, San Francisco, or LA?,52.7
142,Should Tom Brady have been suspended?,52.7
1155,Who wins tonight's debate?,52.9
915,How many people are using this app ?,52.9
992,Are e-sports stupid?,52.9
740,what do you think about the iphone or apple ?,52.9
932,Should marijuana be legal all around the globe?,53
185,Is John Green pretty much John Boy Walton?,53
829,Federer or djokovic,53.1
204,Halle Berry's getting divorced, what's next?,53.2
221,Most ecologically sensitive flooring?,53.2
23,Is fracking dangerous to water supplies?,53.3
927,How do you deal with a person who talks to you only when they need something?,53.3
75,What city has the most beautiful skyline?,53.4
947,Coffee or energy drink?,53.4
711,Better to be blind your whole life, or have sight for 20 years and lose it?,53.4
920,Does life exist after death?,53.6
220,Best holiday treat,53.6
957,Geodude or Zubat,53.7
246,who will die next in The Walking Dead,53.9
762,Which Fighting Games are the best?,53.9
271,Who wins the ACC - Big Ten Challenge?,54
26,Favorite Tennis Major: French, US, Australian or Wimbledon?,54
50,Pool or ocean?,54.1
104,Should Oscar Pistorius be released early?,54.1
1136,Brad or Angelina, whose side are you on?,54.1
137,Would you wear a Givenchy designer mask?,54.1
167,What's your favorite plot in novels?,54.1
715,Goku Vs Saitama,54.1
217,Disgusted or proud?,54.1
222,Best slippers,54.1
34,Is Bill DeBlasio doing a good job?,54.3
1060,which one is better?,54.3
1061,Which type of game is better,54.3
1064,Do you prefer to sing or dance,54.4
1066,Do you know my YouTube channel,54.4
47,Who is the best newscaster?,54.4
155,What does the Pope's visit mean to you?,54.4
124,Favorite designer?,54.5
138,Which color iPhone should I get?,54.5
1272,Taylor Swift or Beyoncé?,54.6
264,Who is the best in the NBA?,54.7
31,Will you buy an Apple Watch?,54.7
830,Have you ever been helped by the police?,54.7
107,Can the Mets actually win this year?,54.7
952,Favorite season?,54.7
1020,I can't live without?,54.7
790,Did Milo deserve to get banned from Twitter?,54.8
123,Greatest fashion icon of all time?,54.8
737,Are ghosts real ?,54.9
152,Who's better: Nirvana or Pearl Jam?,55
727,CAT OR DOG?,55
253,Do the Golden State Warriors have a chance to go 82-0?,55
721,If you were rich what would you buy?,55.1
24,Best spontaneous gift,55.3
30,Will Iraq survive as a unified country?,55.3
46,Who is your favorite leading lady?,55.3
776,Is Pokemon Go Responsible For Girl Hit By Car While Playing? ,55.4
165,Is Taylor Swift a true feminist?,55.4
121,Who's the best running back of all time?,55.5
151,MJ, Kobe or LeBron?,55.5
758,Can a father kiss his 10 year old daughter on the lips?,55.5
832,When are you going to tell your wife you cheated on her?,55.7
191,What is a breakfast of champions?,55.7
215,Who's responsible for the Paris terrorist attacks?,55.7
33,Should the US Navy patrol the South China Sea?,55.8
193,Which Back to the Future invention are you most excited for?,55.8
226,Favorite doodle,55.8
92,What is the most haunted house on earth?,56.1
761,Who's late more women or men?,56.1
273,Davidson or UNCC tonight,56.2
1062,Which Game Do You Prefer Cricket or Football?,56.2
116,greatest physicist,56.2
1253,What will Trump do when he loses the election?,56.3
25,Warriors or Cavs?,56.4
200,What's your favorite shark movie?,56.4
83,Will DelPo come back to tennis?,56.5
168,What number am I thinking of between 1 and 10?,56.5
190,Who's the fairest of them all?,56.5
239,Who are better drivers, women or men?,56.5
80,Should we phase out coal powered power plants?,56.65
225,Which Hawaiian island is your favorite?,56.7
278,Who wins the College Football Playoff?,56.8
258,More likely to go undefeated?,56.9
87,Should Greece be kicked out of the EU?,56.9
110,Will there ever be a Half-Life 3,56.9
12,Cape Cod or Narragansett?,57.1
1297,Guys: would you rather date a short girl or a tall girl?,57.1
831,How many black friends do you have?,57.1
113,Are we headed for a Wall St crash?,57.1
242,Best skiing this winter?,57.1
733,Which Harry Potter Character is best?,57.2
269,Rather no beat drop in dubstep songs or the same beat drop over and over again,57.3
828,Do you have lag on your computer?,57.4
2,What's the best sport,57.5
118,East coast or West Coast?,57.5
953,Which profession is least ethical?,57.5
35,Is Turkey the key to Middle East peace?,57.6
1065,DC or MARVEL?,57.6
135,What should the EU do about the refugee crisis?,57.7
954,which is better?,57.7
799,Is Pokemon Go All Hype?,57.9
40,Who is your favorite world leader?,57.9
237,Who should be the sexiest man alive?,57.9
238,Funniest Will Ferrell Movie,57.9
286,Is the US economy going into recession,58
159,Which was Jeff Bridges' best film?,58
965,Where are the most beautiful women?,58
709,Where would you prefer to live?,58.1
722,Which is the best TV show of all time? ,58.1
825,Videogames, just For young people?,58.2
919,Poker or Blackjack?,58.3
928,Do people change over time?,58.3
922,With condom or without?,58.4
914,WHICH IS BETTER EARPHONE OR HEADPHONE,58.5
211,How many apples?,58.5
738,what do you think about android?,58.5
765,Do you feel older or younger than you really are?,58.5
219,Will UVa men's basketball beat GW tonight?,58.6
817,Best way to breakup?,58.7
990,What is the real purpose when a woman with great body wears tight jeans?,58.7
15,Red or White?,58.8
916,Are you straight?,58.8
853,How often do you play the lottery?,59
1122,What's the hottest costume theme this Halloween?,59
129,Pencil Skirt?,59
233,Best Soccer player alive?,59.4
1311,Should everyone vote?,59.5
818,Have you ever seen a ghost,59.5
119,Should Congress approve the Iran nuclear deal?,59.6
934,Is Suicide Squad a good movie?,59.6
189,Favorite Superhero?,59.6
229,Sunrise or sunset?,59.6
764,Which one of these 3 legendary Pokemons is your favorite?,59.7
76,What is your favorite streaming service?,59.8
100,How hot is too hot in NYC?,59.8
184,Can you even?,59.8
14,Mussels or Clams?,59.9
835,How would you like to die?,59.9
153,Uber or Lyft?,60
156,Why do hipsters wear plaid?,60
169,Who is the worst person to sit next to on a plane?,60
179,Would you ever take back an ex who cheated on you?,60
270,Favorite Christmas tradition?,60.2
837,What does Marcellus Wallace look like?,60.2
182,Worst way to die?,60.2
735,Should I buy The Witcher 3, Battlefield 4 or Metal Gear Solid V?,60.2
854,is Ultimate Spider-Man:The Game the best Spider-Man Videogame so far?,60.3
282,Will Patrick Kane win the Hart Trophy in 2015-16?,60.4
925,Did you ever had sex with your cousin in childhood? will you ever do that again,60.4
160,Best Pope Ever?,60.4
88,Dave, Jay, Conan or Fallon?,60.5
148,What's the best TV show of all time?,60.5
710,Guys: do you 'man-scape'?,60.5
1027,What's better pizza or hamburger,60.6
145,Who's the real James Bond?,60.6
143,Who won the CNN republican debate?,60.7
254,Best of all time?,60.7
147,What "classic" movie that everyone loves do you refuse to see?,60.8
19,What is the best MMO ever,60.9
195,Is the Benghazi investigation motivated by politics?,60.9
989,What's the best starter pokemon,60.9
20,What is the best RPG of all time?,61
106,Bordeaux or Burgundy?,61
936,Boy or Girl?,61
176,Could today get any worse?,61
913,I'm 17 and I wanna date a 25 year old we both show a lot of interest and I know her in person is it ok,61.1
785,Is there only one "perfect match" for each of us?,61.2
851,Ladies- who would you rather be stuck in a building with?,61.2
166,Why do we like pizza so much?,61.2
266,Better rapper,61.3
834,What is the capital of India?,61.3
161,Was John Boehner an effective speaker of the house?,61.4
255,Worst Referees,61.4
84,Did the supreme court rule correctly on Obama Care?,61.5
120,What's next for Caitlyn?,61.8
170,What are we whining about today?,61.9
819,Pick a number between one and four,62
833,You've just found out you have 24 hours to live. How do you spend your last day alive?,62
130,Best BBQ?,62
98,Should Greece have been bailed out?,62.1
115,miley or nicki, who ya got?,62.2
22,Who was dressed best?,62.3
929,Is it ok to objectify male athletes?,62.3
85,Will the NY prison escapees ever be caught?,62.4
187,Window or aisle?,62.7
96,What is the best ethnic food?,62.9
1321,Now that Trump's elected what will you do?,63.2
95,Best Pizza in San Francisco?,63.2
725,Who Cheats More? Women or Men?,63.2
252,MVP?,63.2
188,Should the US keep troops in Afghanistan?,63.3
1218,Does Gideon Grey from Zootopia deserves his own franchise? ,63.5
728,Do you think most cops are racist?,63.5
171,Who will win the inevitable war between Earth and Mars?,63.6
174,What's the best fast food?,63.8
708,Best Burger?,63.8
199,Can Paul Ryan save the GOP?,63.8
103,What is your favorite news website?,64.3
133,What should happen to Kim Davis, the Kentucky marriage clerk?,64.6
18,All about the ?,64.8
209,What annoys you most while driving?,64.9
303,Redskins vs Eagles winner,65
122,Where should I go on vacation?,65
91,What is your dream car?,65.1
126,My wife just became a vegetarian, is it fair to still ask her to cook me steak?,65.1
1160,Is a hot dog a sandwich?,65.1
263,Best Rapper Alive?,65.4
942,What do you think about Instagram Stories? ,65.8
203,What is the ideal family size?,65.8
90,Best vacation destination?,65.9
862,Would you rather have a raw egg or an egg fried till it's absolutely burnt to a crisp?,65.9
99,What should happen to Bill Cosby?,65.9
856,Most underrated character in Harry Potter?,66
298,What's your favorite Christmas Carol?,66.1
836,Who is the president of Canada?,66.1
745,Do you walk around naked when you're home alone?,66.1
81,Do you like folk music?,66.2
1313,Which is a better country ?,66.3
173,Can you keep a secret?,66.3
937,Boy or girl?,66.4
207,What will you be for Halloween?,66.5
131,Star Trek or Star Wars?,66.6
243,My girlfriend makes this kind of mess, then asks me to put down the toilet seat?,67
134,Would you date a cat person or a dog person?,67.1
285,What is Mark Wahlberg's best movie role,67.2
94,What is the best cereal?,67.3
216,Which game are you most excited for?,67.3
702,Who is your favorite Kardashian sister?,67.4
218,Does anyone know how I can get in touch with Beyoncé Knowles Carter? It's pretty important.,67.5
39,Will we put a person on Mars?,67.6
280,Better to give than to receive?,67.8
289,Will Jason Heyward be a bust in Chicago?,68.1
308,Is getting bear poop in your Xmas stocking the Montana equivalent of a lump of coal?,68.2
956,Charizard vs Arcanine,68.6
838,Will Jared be able to match the diabolical content set by Heath Ledger?,69.3
260,Thanksgiving dinner or Friday leftovers?,69.4
127,Is it ok to date your best friend's ex?,69.5
236,Should the US  commit ground troops to defeat Daesh?,69.5
930,Better to have a partner who's a great cook, or great in bed?,69.8
327,Who's going to win tomorrow?,69.9
335,It says I have 1 follower, but when I click on that it won't show me who that follower is. Is this just a glitch or something else?,69.9
247,What delicious food would be most disgusting over rice?,69.9
858,Is it good to smoke weed 24 hours a day ??,70.3
150,Is abortion murder?,70.4
760,Star Wars or Game of Thrones? (Hard question, i know),70.4
287,Is "Elf on the Shelf" now more important to kids than Santa Claus?,70.7
210,What should happen to Daylight Saving Time,70.7
863,Photo or video ?,70.8
958,does pineapple belong on pizza?,71
201,Who will win the 2015 World Series?,71.1
704,Snapchat or Instagram?,71.3
801,Who will win ?,72
284,Can we ban Donald Trump from all media coverage?,72.3
97,Best Al Pacino's movie,72.4
633,who would you rather be in the originals?,72.7
1315,Should marijuana use be legal across the entire US?,72.9
296,Who won the GOP debate last night?,72.9
86,What's the best flavor of pie?,73.1
212,What do you think about Starbucks red cups?,73.1
1147,Would you go to a nude beach?,73.2
302,Are the Redskins going to win the Super Bowl?,73.3
984,Who wore it better?,73.4
307,Who will win the CFP National Championship?,73.5
703,What city has the best restaurants?,73.9
79,How would you describe The Donald?,75
852,Do girls like having sex?,75.1
290,Favorite female artist of 2015?,75.7
329,Do you want a second season of Making a Murderer?,75.8
938,Boy or girl?,75.8
13,Beatles or Rolling Stones?,75.9
323,Greatest David Bowie Song?,76.2
326,Of these IPAs, which do you prefer?,76.6
262,Favorite Soda?,76.7
839,What can swim faster: a dog, or a horse?,76.7
706,Live without chocolate or live without coffee?,76.8
223,The Liberal Movement is it Destroying America?,76.9
1068,Nike, Adidas, Puma or Under Armour,77
11,What's the best meat?,77.1
172,Is the death penalthy wrong?,77.3
314,Where was the best New Years Eve party?,77.4
111,Who is your favorite former president?,77.4
21,Who will win?,77.6
1316,Have you "unfriended" anyone because of their political beliefs?,77.6
108,Mario or Link,77.6
707,Coke or Pepsi?,77.6
634,who has the best sense of fashion/style in the originals?,77.8
283,Are you sick and tired of not being Justin Timberlake?,78.3
297,If you could have a service animal which would you choose?,78.3
293,What's the best part of winter?,78.4
205,Will you stop eating bacon?,78.4
240,Most addictive app?,78.4
866,Our choices for president in 2016 are very disappointing. With all the people who live in this country these are our two best choices? Who should be our next president? (God help us.),78.5
842,How long until Ask The Internet goes out of business?,78.6
339,Are you excited the X-Files is back?,78.7
272,Favorite Pixar movie?,78.8
840,Who will win in America?,79.7
291,Are you embarrassed that you really like Justin Bieber's music?,79.8
186,Your dream BFF: Tina Fey or Amy Poehler?,79.9
93,Best cartoon ever?,80.1
864,What's better chocolate or vanilla,80.1
859,Is it better to have lots of good friends or one best friend?,80.2
310,What is Val Kilmer's best movie role?,80.5
315,What is Matt Damon's best movie role?,80.5
277,Grown or manufactured?,80.6
304,What's the greatest Christmas movie?,80.7
880,Which iPhone colour is the best?,80.7
250,Is Steph better than LeBron,80.8
845,Liverpool fc or Manchester United? ,81.1
281,Will you see the new Star Wars movie?,81.2
17,Who does Vladimir Putin remind you of?,81.5
313,Are you going to party big on New Years Eve?,81.5
841,Would you rather have $50 or get kicked in the dick?,81.5
311,What's your New Year's resolution?,82.6
333,What's your favorite snow day activity?,82.6
865,Who would win a battle between Goku & Superman ?,82.6
224,Black Lives Matter won't apologize for #FuckParis do you support their movement still?,83.4
888,Leafs or Canadiens,83.5
860,Deep dish or thin crust?,83.7
288,Will you travel for the Holidays?,84.1
316,Best New Years Resolution?,84.3
881,Fave Meme?,84.4
330,Does the Sarah Palin endorsement help or hurt Trump?,84.6
319,Are you watching Making a Murderer?,84.9
196,What's next for Khloe and Lamar?,84.9
328,Is it possible to see space from the Great Wall of China?,85.2
322,What would you do if you won Powerball?,85.3
132,Should Black Lives Matter focus more on black-on-black violence?,85.6
306,Sugar or Spice?,85.7
861,What's the "right age" to get married?,85.9
241,Should we let Syrian refugees in to the US?,85.9
867,which pokemon go team is the best: MYSTIC valor or instinct,86
149,Who's the greatest US President?,86
338,Should Bloomberg enter the race?,86.3
249,Favorite Thanksgiving food?,87.2
312,Should England retire the monarchy?,88.3
294,Who is the greatest movie villain of all time?,88.8
341,Should the ACCT get in the business of Accrediting Adventure Parks and Ziplines?,88.8
128,Toilet seat: up or down?,89.1
295,Costco or Sams Club?,90.5
309,Naughty or Nice?,90.5
334,How do feel about Grumpy cat?,90.5
318,Where will you go on vacation in 2016?,90.6
353,Who will be MVP of Super Bowl 50?,91.5
351,Will the 2015 Carolina Panthers go down as one of the best teams in NFL history?,91.6
847,What is the worst crime you've ever committed?,92.1
324,Who is the best soccer player of the year 2015?,92.5
939,Is Michael Phelps the greatest Olympian of all time?,93.1
614,How many majors will Djokovic win in total?,93.3
890,Que día voy a ir a Tuxtla ?,93.3
362,Mashable or TechCrunch?,94.5
640,Will you use LinkedIn more or less now that it's part of Microsoft?,95.1
347,DIY?,95.4
638,Which is your favourite duo in Friends?,95.4
705,Are you afraid of clowns?,95.4
112,Will Bernie Sanders defeat Hillary?,95.5
213,Are you excited for the Hunger Games theme park?,96
3,Is it fair to recline your airline seat?,96.2
279,Donde debe entregarse la banda presidencial?,96.4
869,Who's your favorite Clinton?,97.7
664,Should Dustin Johnson be penalized a stroke for the incident on the 5th hole green of US Open?,98
337,So who wins Super Bowl 50?,98.3
872,Floyd Mayweather or Conor McGregor?,98.7
358,Who's your least favorite college team, and why is it Duke?,99.9
844,Best religion?,100.5
846,Porn sites should be banned?,100.9
274,Is Microsoft's holiday ad crass or charming?,101.5
340,How concerned are you about the Zika virus?,101.5
868,Are earrings on men still cool?,101.5
918,Does size really matter?,102.1
301,Never gonna... ?,102.4
1,What's the best sitcom of all time,102.8
665,Will the Warriors and Cavaliers game 7 go to overtime?,102.9
305,Housing in SF: KFC/Taco Bell or a five-story building at Marina District?,103
320,Do you like sushi?,103.5
350,Is Sunday Peyton Manning's last NFL game?,103.9
615,What is your favourite [canon] Star Wars production or series?,104.6
886,Do you believe in Karma?,105
317,What do you secretly judge people for?,105.1
299,My boyfriend wants an "open relationship." Should I dump him?,105.3
605,Favorite Bioshock game?,105.3
381,First flower up in your garden?,105.4
352,Do you prefer vacations with mountains and rivers or the beach?,106
879,Which OS is the best?,106.2
654,Will Federer win Wimbledon?,106.3
874,Motorola or Samsung mobiles?,106.9
843,If you could be stuck in 1 period of your life for eternity, which would it be?,107
616,Will Bernie win California?,107.2
871,How often have you won the lottery?,107.5
618,What is your favorite way to clean your nasal passages?,107.7
391,Who will win the NCAA tournament?,107.7
343,Who's a better coach: Bear Bryant or Nick Saban?,107.9
848,Who would you rather vote for?,108
651,Drake or Chance, who ya got?,108.1
332,Do you care about Hillary's emails?,108.3
344,My girlfriend asked me to get a puppy, does that mean we're getting serious?,108.6
267,DC or Marvel,108.7
361,Spotify or Pandora?,108.7
622,Who is your favourite supporting character from Friends?,108.7
885,Who is God?,108.7
336,What is your opinion of Miley Cyrus?,109.1
641,Cupcakes or Birthday Cake?,109.1
635,Would you rather take a cruise or stay at an all-inclusive resort?,109.4
647,Which is more annoying ?,110.9
889,Muscular or dad bod?,111.1
292,Is Die Hard a Christmas movie?,111.2
325,I'll always remember Alan Rickman for... ?,111.3
873,Audi, BMW or Mercedes?,111.3
379,What is John Cusack's best movie role?,111.5
321,are you a dog person or a cat person?,111.6
884,Which Pokemon Go Team is the Best?,111.8
356,Who wins the NH Republican Primary?,111.9
620,Will I pass my math special exam?,112.3
1069,Do Johnson and Weld have a chance?,113.8
602,What's your favorite gameshow?,113.9
645,Is it better to know WHEN you are going to die, or HOW?,113.9
643,Would you rather be shot in the foot or eat a cockroach,115
870,Which is best video game franchise?,115.4
908,Would you rather have to use the original 2007 iPhone, or a 2016 flip phone?,115.9
388,Best Lake?,116.1
1072,Would it hurt more to lose an arm or lose a leg?,116.4
700,Who is next after Brexit?,116.5
642,Aquarium or Zoo?,116.8
1228,Will Rogue One be better than The Force Awakens?,116.8
368,Who is the more devout communist?,116.9
909,If you had to, would you rather relive your birth, or watch your conception?,117.2
367,Who will be the big winner at the Grammys?,119.7
649,Jimmy Carter suggests getting private money out of US elections and using tax dollars to fund them instead, is this a good idea?,120.2
883,Which hair color is sexier?,120.4
178,What's your favorite beer at Monktoberfest (dinner)?,120.4
624,Would you vote for a candidate solely because they were a member of your group (gender, race, religion, etc.)?,121.1
655,Joey or Chandler,122.1
604,Do you think the world should end now?,122.5
617,Black Widow or Supergirl?,122.6
355,Is the criticism of Cam Newton racist?,122.8
370,Is Lebron James coachable? ,122.8
369,Who won the Grammys red carpet?,123
639,Bigger badass: The Rock or Vin Diesel?,123.2
626,Which is a better movie franchise?,124.4
208,My girlfriend doesn't watch horror movies. Which one should I terrorize her with this weekend?,125.1
603,Clean or dirty kicks?,125.5
342,If it comes down to Trump vs Sanders?,125.6
894,Who's the best? ,128
606,Should the US switch to the metric system?,128.1
887,Is it fair for Pokemon to shut down the Pokemon Go tracking apps?,129.7
608,How will you remember Muhammad Ali?,129.9
802,Would you rather have free wifi or free healthcare?,130.6
609,Fast And Furious or Mission Impossible- Which Hollywood action film series is the best?,130.8
660,Better celebration: Birthday or Christmas?,131
331,What movie is better than the book it was based on?,131.2
625,Would you vote for a candidate you strongly opposed solely because they were the representative of your political party?,131.6
348,Which book is the most overrated?,131.9
892,Chocolate or not chocolate?,132.8
875,iPhone or Samsung,133
346,Is it more important for kids to learn sportsmanship or skills?,133.5
623,Who's more embarrassing for the US: Trump or The Kardashians,133.6
907,Who is best: Messi or Ronaldo?,133.8
653,Is an athlete who uses steroids (PEDs) cheating?,133.8
650,Which one do you think is a better love story, Twilight or Fifty Shades?,133.9
627,Is math the most difficult subject in school? ,134.8
374,Is going from two to three kids easier then one to two?,135.2
644,Do you prefer boobs or butts?,135.8
402,Who wins the NCAA Tournament?,135.8
893,Tacos or not tacos?,135.9
354,What was the best Super Bowl commercial ?,136.5
646,Would you rather be overdressed or underdressed?,137
652,Best Netflix Original Series?,137.3
175,What's your favorite beer at Monktoberfest (day 1 lunch)?,137.8
612,Fifth Harmony, or Little Mix? ,138.8
662,Wealth should be equal OR opportunity should be equal?,139.6
891,Can you ever trust someone after they cheat on you?,139.8
380,What's Leo's best role?,139.9
378,If you had to sleep with one presidential candidate who would it be?,140.5
399,I'll remember Garry Shandling for... ?,140.7
1085,Should NFL players be forced to stand for the National Anthem?,142.4
636,Do you eat your pizza crust?,144.1
389,Favorite ice cream dessert?,145.1
661,Tattoos or Piercings?,145.6
607,Would you rather your first kid be a boy or a girl?,146.2
599,Would you rather have a real working lightsaber, or save a starving child in Africa that you will never meet?,146.9
656,Who's your favorite: Dory or Nemo?,148.1
373,Was Harper Lee a great novelist?,148.8
377,When will marijuana be completely legal in the US?,149.6
598,I got a Doctor Who shirt from shirtpunch, can anyone tell me who it is?,151.5
910,Never be able to listen to music again, or never be able to watch another movie?,151.5
386,Does Erin Andrews deserve $55 million for being videotaped naked without consent?,151.6
895,Gangster or police?,152
849,Your position on the political spectrum?,154.2
666,What does this title mean for LeBron's legacy?,154.6
663,Which is the best continent?,154.8
414,Who's worse... ?,154.9
876,Which threesome would you prefeer?,155.1
393,How will you celebrate St Patrick's Day?,155.6
877,What gets you more high?,155.9
600,Would you rather find true love, or ten million dollars?,158
898,Do you think there has been a coup in Brazil?,158.3
405,How do you know what size to buy when shopping for clothes online?,158.5
392,Are you outraged over the Tilikum saga?,159
387,Is Kim Kardashian's naked selfie empowering?,159.5
416,Should something be done to prevent UConn's women's basketball team from winning everything all the time?,159.8
637,Are women better drivers then men?,160
670,When deciding where to move which criteria carries the most weight in your decision?,161
372,Chicken or Pasta?,163.2
375,Who does Jeb Bush dropping out help most?,163.2
357,Where does Kevin Durant play next year?,164.2
417,I'll always remember Merle Haggard for... ?,164.3
385,Can a single parent be as effective as two?,165.1
371,Do you think Apple should help the government de-encrypt the iPhone?,165.8
940,Would you swim in the Olympic pool that mysteriously turned green?,167.2
366,What Republican candidate has the best shot to defeat Trump?,168.7
619,Brownie Mix or Cookie Dough?,169.3
601,Who would you have sex with?,170
363,Mulder & Scully - now or then?,170
419,Is Jordan Spieth's Masters collapse the biggest choke of all time?,170.4
194,Who would you want to have in your corner?,172.2
396,Who's your favorite Disney Princess,173.3
397,Is ISIL getting stronger?,174.2
398,After the terror attacks in Brussels are you more or less likely to vote for Trump?,178.4
404,Will you watch The Walking Dead season finale?,182.2
899,After having relations with a man I was deployed with in Iraq I came back to the states and found that they might not have been broke up, what do I do now?,182.3
678,Will the Knicks regret the Derrick Rose trade?,182.7
214,Should the Russians be banned from the 2016 Olympics for steroids?,183
401,Is Donald trump a politician?,184.9
382,Is global warming caused by humans?,185.9
667,should i go to the gym,187.3
896,Was 9/11 an inside job?,188.9
413,Who invented the internet?,189.6
510,Phoenix Wright Trilogy (3DS) or Fire Emblem Fates: revelations?,191
359,Is Jon Snow really dead?,191.2
415,Are you surprised by the Panama Papers scandal?,191.3
403,When given the choice, how do you prefer to travel?,191.5
674,What should one bring to their host family's thanksgiving?,191.5
422,Will the Warriors 73 wins record ever be broken?,191.7
610,Bourne or Bond?,192.6
628,Can men and women just be friends?,193.9
383,Are tattoos still cool?,195.1
558,Can the Warriors bounce back?,196.7
364,Is Steven Avery guilty of murder?,196.9
542,What do you think of the new Apple flagship store?,197.3
430,It's early but who leads the Conn Smythe "watch" list?,199
547,Which would you rather pop?,199.3
376,What the greatest movie parody of all time?,199.3
502,Superman & Hyperion. Who will survive the fight?,201.1
503,What's the best movie remake of all time?,202.9
672,Should Britain leave the EU?,205.2
390,How often do you check your email?,205.3
408,Are you the type of person who...,206
911,Have you ever eaten an insect? ,206.6
418,Are you offended by Bomani Jones' "Caucasians" shirt?,208.5
429,Who wins the NBA title?,209.4
673,Do you ever talk on your phone like this?,209.7
506,Where will Kevin Durant end up next season?,209.7
423,Is Kobe's 60 point game the greatest finale of all time?,210.7
501,Thanos Vs Darkseid. Who will win?,211.1
395,What technology will have the greatest effect on humanity?,211.7
549,Which one is your favorite Muppet?,212.4
554,why is dc turning everyone into superheroes?  ,212.7
411,What is the best pizza chain?,213.1
551,Were you offended by Blake Lively's "LA face with an Oakland booty" post?,213.7
412,What is zero divided by zero,213.9
657,Is everyone (at least a little bit) racist?,214.6
557,Who is the best?,215.6
548,Would you rather not have arms, or not have legs?,216
677,Are you a Spock or a Kirk?,216.8
508,Is LeBron being a sour grape or just the asshole that he is? ,217.1
400,Will this sex scandal end Ted Cruz's campaign?,217.8
409,Is the Tesla Model 3 the electric car that goes mainstream?,218.5
543,Who won in batman vs superman movie?,220.1
671,Scariest animal?,223.4
897,Girls. How many times do you expect to have sex in a happy relationship?,223.5
507,Hate him or Love him?,225.2
553,thor vs superman who would win,225.7
545,PS4 or Xbox One,227.3
505,Does anyone want to leave a last goodbye to friends and family via social media before they die?,228.7
679,Do you agree with Ben Affleck on Deflategate?,229.6
556,Do you check your phone before bed?,230.3
900,Which game should I buy: Last Of Us or Watchdogs for PS4?,231.4
544,Donuts or Ice Cream?,231.6
751,Which Pokemon Go team did you join?,231.8
349,Is this the year Leo finally wins an Oscar?,233.1
406,Does "Black Privilege" exist?,235.1
659,Would you sleep with a transexual?,235.9
552,Simpsons or Family Guy?,236.9
365,Who should appoint the next Supreme Court justice?,238.4
559,Who should make more: waiters or cooks?,238.5
546,Tacos, bacon, or pizza? Which one reigns supreme? ,239.2
668,Would you ever have a threesome?,239.4
736,Is Pokemon Go the greatest app ever?!?,240.4
560,What is the greatest John Hughes movie of all time?,244
421,What should minimum wage be in the US?,248.1
563,Would you sacrifice yourself if it meant that everyone could live?,250.2
675,Best way to cool down on a hot day?,250.9
420,Are red light traffic cameras fair?,250.9
562,What's the point of Life?,252.2
561,Worst Jolly Rancher flavor?,253.8
360,Is Adnan Syed Innocent?,255.6
901,Who killed JFK?,256
541,Does Brady Murray have a good serve?,256.7
428,which singer can sing the best,257.5
568,Would rather have your earphones get hooked on to every door handle or have one hear play slightly louder than the other?,258.3
566,Do you think social media has a positive or negative effect on your life overall?,259.2
384,If you could only eat one meat for the rest of your life?,261.1
512,Does it bother any one when some people make "quote marks" when they are talking ,262.4
676,Which is more expensive, a son or a daughter?,264.1
509,Are you the kind of person who likes to dip a toe in first, or do you jump right in?,265.1
504,Do you like Instagram's new logo?,266.5
424,Who won the latest Clinton-Sanders debate?,268.1
345,Should Ariel Winter have hidden her breast reduction scars?,270
426,Where Is Your Dream Place To Live?,270.1
500,What do you think about Budweiser changing their name to "America",276.2
427,which fast food restaurant has the best fries?,277.6
437,Which modern Doctor is the best?,282.7
578,Who wins the Champions League final?,284.7
515,Best rapper right now ?,286
438,Which of these American Idols is the best?,287
701,Who's the best Pokemon trainer?,288.9
433,Why in the world does Michael Buble eat corn like this?,290.3
511,Which is the better movie,291.7
569,How fast do you recover from breaking up?,297.5
564,Would you rather be a famous actor or musician?,298.4
516,DO YOU THINK ALL THESE ORGANISATION THAT ARE TRYING TO SHOW GENDER EQUALITY BY GIVING SO MANY OPPORTUNITIES AND PRIVILEGES TO ONLY WOMAN IS KIND OF SEXISM AGAINST MEN,298.8
550,Do you spend more time worrying about the past or the future?,299.5
514,Which of these you think is a better series?,300.9
499,Would you rather give up the Internet for a year, or only be able to use the Internet for three hours each week forever?,301.6
576,Would you rather only eat ketchup for the rest of your life, or be married to an elephant?,303.2
431,F, M, K: Bernie, Hillary, Trump,304.1
681,Which way should utensils go in the dishwasher?,311.5
902,Do Aliens Exist?,311.9
435,how will you celebrate 4/20?,312.3
577,biggest sporting event: Champions League final vs. The Super Bowl?,313.3
699,Is sex on the first date ok?,316.3
436,When invited to dinner the host says not bring anything. Do you...,318.1
407,Will you vaccinate your child?,323.2
903,Are you excited for the Olympics?,324.1
575,Who would you rather see debate?,327.1
570,Do you think people are too easily offended these days?,336
513,Are you nervous on Friday the 13th?,336.7
432,Which One Of These Things Does Donald Trump Look The Most Like,338.6
680,Are you excited for self-driving cars?,339.6
571,What's worse a cold toilet seat, or a warm toilet seat?,350.5
579,Should College Athletes be paid?,352.1
658,Will a woman ever be good enough to play in the NBA?,353.8
473,What's the best lunch spot in Mendocino, California?,354.8
904,Which racing game should I buy for PS4: NFS Rivals or Driveclub?,355.1
520,Which is a more preferred name for my new dog?,356
434,Would you buy an Apple car?,357.6
518,Neat or messy, which one are you?,359.3
519,DO YOU THINK  SUICIDE SQUAD IS GONNA BE THE BEST MOVIE OF DC OF ALL TIME? ,361.1
521,Ferddy Krueger vs Michael Myers vs Jason Voorhees, who'd survive?,364.6
517,WHAT KIND OF BOOBS DO YOU LIKE ?,365.3
439,To me, Prince will always be?,365.5
580,What is the greatest mystery of all time?,366.2
567,What would be the best Super Power?,367.9
682,Will the UK thrive apart from the EU?,367.9
581,How many times do you swear per day?,389
465,Which dress is better looking? This is for my final year in high school ball.,392
584,Manga or Comics(DC/Marvel),395.6
685,What does this symbol mean?,407.8
586,Who wins game 7 of the Western Conference Final?,411.2
440,What's your perfect Friday night?,412.9
683,See a great concert, or a great sports event?,415.4
574,At what age is it unacceptable to eat cold pizza for breakfast? ,421
466,Would you use an app which allows you to meet people with common interest?,422
474,What is your favorite street in San Francisco?,422.7
522,WHICH OF THESE DO YOU THINK IS THE BEST TV SERIES? ,426.7
445,Who's your favorite Game of Thrones character?,427.4
582,Should going to college be free?,431.2
583,What's your favorite breakfast food?,432.1
442,Would you rather have noodles or bacon for hair?,435.9
441,Is there 1 person who knows everything about you? All your secrets.,436.3
443,Strip clubs are?,437.3
555,Would you rather be smarter or better looking?,442.6
425,Is Ted Cruz The Zodiac Killer?,444.5
461,Is Ezekiel Elliot's "crop top" the worst draft day look of all time?,446
525,Do you ever brush your teeth on the toilet?,447.7
585,Who will win in a battle- Superman or Spider-Man,447.8
444,Blonde, brunette or other?,451.6
529,Who wins the NBA Championship?,453.3
684,What do you wear to bed?,458.1
527,Would you like to proposal a girl who is elder than you (if you are a boy)------would you like to accept proposal of a boy who is younger than you(if you are a girl)?,460.1
850,Would you be embarassed to admit you met your significant other online?,460.4
687,Who is the best super sayian?,468.8
460,Do you think you're crazy?,469.4
689,Best Girl Scout Cookie?,470.6
469,If you had one shot, one opportunity, to seize everything you ever wanted, one moment, would you capture it, or just let it slip?,470.6
524,Which is best for Gaming?,473.4
468,Can you lick your elbow?,474.8
587,Quicksilver or Flash,478.8
447,Which would you ride into battle?,479.2
448,Which would you rather be stuck in an elevator with?,483
446,Would you rather be forever 12 or forever 35?,483.9
467,Do you eat the end pieces on a loaf of bread?,484.7
478,Best men's shopping today?,497.3
526,Soda tastes best in....,498
470,Do you like ranch or ketchup better on fries?,501.3
523,Would you rather have no internet or have the world be in darkness with internet?,504.1
449,If one synchronized swimmer drowns, do the rest have to drown, too?,512.6
572,If you could control one of these elements, which would it be?,520
475,Should Ted Cruz be forced to carry his aborted Presidential Campaign to full term?,522.5
597,How can i monitor business spending against a budget?,534.7
463,How many olive garden breadsticks could you eat in one sitting?,534.9
905,Who are you most envious of?,538.1
613,Does this woman's finger length toes creep you out?,546.2
688,What is the best Pixar movie?,551.2
471,If you had to lose one sense, which one would you choose?,555.7
472,What do you actually do while you procrastinate?,561
450,Would you rather know what happens after death or how the world began?,569.9
451,Have you ever written a letter by hand and sent it in the mail?,571.9
477,How much will you pay for farm fresh eggs?,574.4
772,Taylor or Kanye, who's side are you on?,578.9
532,Define "Valuable",582.8
588,Would you rather be a (Super) Hero or Villain? (You do not have to kill anyone to be a Villain),583
531,When someone says 'Now I'm not trying to be rude' I know they're about to?,584.3
530,Would you rather smoke with Snoop Dogg, or Wiz Khalifa?,592.1
589,Scooter or Skateboard ?,593.4
453,What's the best Star Wars movie?,595.7
686,Can long distance relationships work?,597
452,Do you like background noise when you sleep?,619.3
454,What's the correct amount of time to spend in Vegas?,653.6
1317,Who did you vote for, Trump or Hillary?,657.9
590,Who you got?,663.5
694,Which is the best Region of all time??,665.4
533,Today's God: Ronaldo or Messi?,693.5
455,What do you think of Disneyland?,705.3
479,Did Ted Cruz drop out of the presidential race to focus on zodiac killing?,707.8
476,Hillary v Donald, who wins?,740
528,Are you excited for the new (all female) Ghostbusters?,750.8
690,Is God real,761
480,Sherlock or Doctor Who?,764.2
878,Are you always hot or always cold?,768.6
536,MOOC or go to school?,771.3
482,Chicago Cubs: Is this finally the year?,782.3
535,Where do you like share your photos?,806.2
456,Who wore it better?,807.5
691,Do you believe in Rebirth?,818
481,You have 3 options for toilet paper; duct tape, sand paper or your hand, which do you choose?,840.9
483,How do you celebrate Cinco de Mayo?,846.5
621,Should Bernie Sanders drop out now?,857.9
692,Which is Green Day's best song?,903.3
1070,Will you buy the iPhone 7 even though it has no headphone jack?,917.8
695,Who wins Game of Thrones?,921
534,Pizza or burger?,928
912,Drake or Eminem?,946.6
484,Does Trump's racist "I love Hispanics" post surprise you?,966.6
592,Warriors or Cavs, who wins the NBA Finals?,992
457,Which would you rather be?,994.2
591,Should a zoo animal be killed if a human enters its cage?,1006
611,If you could, would you bring Tupac or Michael Jackson back from the dead?,1008.3
487,Is JT's 'Can't Stop the Feeling' already the song of the summer?,1064
537,Who do you love most?,1084.1
486,Who is richer Tony Stark (Ironman) or Bruce Wayne (Batman),1129.7
485,Should Caitlyn Jenner appear nude on the cover of SI?,1138.8
593,Would you let your child play football?,1281.1
462,Did you text your ex after listening to Drake's new album?,1296.4
488,Would you rather have 1 trillion dollars, or find true love?,1365.5
538,Who you love most?,1367.3
458,Does it bother you when people don't put a question mark after the question,1375.6
489,What type of Apocalypse do you think will happen?,1378.5
594,Hay Day or FarmVille?,1401.5
490,Are you afraid of your basement?,1418.1
491,How many rats do you think live in Donald Trump's hairpiece? ,1481.3
493,Whose side are you on?,1573.1
906,Which Is The Best Meme of 2016?,1586.8
696,Could you date a person who lived with a roommate of the opposite sex?,1625.2
464,Planet, rare skin disease, or hamburger patty from a local high school?,1634.9
495,Do you like Justin Bieber's new face tattoo?,1686.7
648,Do you think we need to ban civilians from buying assault rifles?,1713.9
941,Is Donald Trump just misunderstood by the media, or is he really just a garbage troll monster,1794.8
496,Best truck?,1964.1
494,Do you pee in the shower,1990.9
539,Have you ever sent a nude photo to anyone?,2663.8
693,Are there really more than two genders?,3158.1
497,How often do you masturbate?,3160.9
595,Favorite luxury brand?,3821.9
459,Marvel or DC?,5537.4
573,Would you rather be rich and ugly, or poor and hot?,5950.7
697,Should Abortion Be Made Fully Illegal?,7669.9
540,Which is better ,11445.7
698,Which is truly better, iPhone or Android?,15448.8
596,Who's the worst announcer in sports?,20246.8
498,Which Pokemon is the best?,24907.2
